timestamp,price_usd_mwh
2026-04-01 00:00:00,11.986856612044932
2026-04-01 01:00:00,9.958055400979235
2026-04-01 02:00:00,14.600373095636193
2026-04-01 03:00:00,20.485517707834013
2026-04-01 04:00:00,16.56338650111276
2026-04-01 05:00:00,20.181166495894438
2026-04-01 06:00:00,31.31685126872115
2026-04-01 07:00:00,31.952024745449243
2026-04-01 08:00:00,30.622105155838693
2026-04-01 09:00:00,37.77687915867379
2026-04-01 10:00:00,36.137110938490665
2026-04-01 11:00:00,37.629323006334026
2026-04-01 12:00:00,40.989723997445964
2026-04-01 13:00:00,31.946856381087258
2026-04-01 14:00:00,31.530079062948523
2026-04-01 15:00:00,738.1566311823007
2026-04-01 16:00:00,31.6952001922458
2026-04-01 17:00:00,36.204581604045245
2026-04-01 18:00:00,30.192872723761116
2026-04-01 19:00:00,25.46849951812103
2026-04-01 20:00:00,32.18756410153217
2026-04-01 21:00:00,19.55559967738198
2026-04-01 22:00:00,15.526256435568616
2026-04-01 23:00:00,6.165472693176275
2026-04-02 00:00:00,7.87246910189927
2026-04-02 01:00:00,11.00480296450344
2026-04-02 02:00:00,7.455644633544213
2026-04-02 03:00:00,15.946190355584601
2026-04-02 04:00:00,15.147445240330885
2026-04-02 05:00:00,20.000939324518054
2026-04-02 06:00:00,22.643173557774
2026-04-02 07:00:00,36.34139856687336
2026-04-02 08:00:00,32.49601380062676
2026-04-02 09:00:00,31.425795268506327
2026-04-02 10:00:00,41.33096135815326
2026-04-02 11:00:00,34.65886742073096
2026-04-02 12:00:00,40.907329291200845
2026-04-02 13:00:00,31.811296864199345
2026-04-02 14:00:00,33.16700619740693
2026-04-02 15:00:00,37.79739949364083
2026-04-02 16:00:00,38.750390993565134
2026-04-02 17:00:00,35.68306539842403
2026-04-02 18:00:00,33.41237589629299
2026-04-02 19:00:00,29.96329954110504
2026-04-02 20:00:00,20.460881064376245
2026-04-02 21:00:00,17.62932804574929
2026-04-02 22:00:00,13.463588532977772
2026-04-02 23:00:00,16.142954342905767
2026-04-03 00:00:00,11.474473158273845
2026-04-03 01:00:00,5.0
2026-04-03 02:00:00,13.405954820812603
2026-04-03 03:00:00,12.953069160536646
2026-04-03 04:00:00,14.89231199878227
2026-04-03 05:00:00,23.664419479054633
2026-04-03 06:00:00,29.22399809667539
2026-04-03 07:00:00,32.707406305302406
2026-04-03 08:00:00,29.24313260668795
2026-04-03 09:00:00,34.46978948092508
2026-04-03 10:00:00,39.415835435354765
2026-04-03 11:00:00,43.49442252910449
2026-04-03 12:00:00,38.205177959800665
2026-04-03 13:00:00,38.95734145306319
2026-04-03 14:00:00,34.10441049697654
2026-04-03 15:00:00,32.275128053841655
2026-04-03 16:00:00,39.09662796316029
2026-04-03 17:00:00,40.472552387947445
2026-04-03 18:00:00,33.636928539524625
2026-04-03 19:00:00,35.23184591503029
2026-04-03 20:00:00,27.87151312603649
2026-04-03 21:00:00,17.978225860907628
2026-04-03 22:00:00,16.801726038850575
2026-04-03 23:00:00,322.6016386116152
2026-04-04 00:00:00,155.70756145072332
2026-04-04 01:00:00,10.91968722892
2026-04-04 02:00:00,5.0
2026-04-04 03:00:00,11.831008299702809
2026-04-04 04:00:00,11.998188272958789
2026-04-04 05:00:00,14.071684921827691
2026-04-04 06:00:00,19.517043112833594
2026-04-04 07:00:00,15.082010170434037
2026-04-04 08:00:00,25.771315148228453
2026-04-04 09:00:00,31.185089270376917
2026-04-04 10:00:00,38.052357888706574
2026-04-04 11:00:00,31.56916114752046
2026-04-04 12:00:00,30.937900499609075
2026-04-04 13:00:00,31.742949185380304
2026-04-04 14:00:00,36.24135886380895
2026-04-04 15:00:00,32.42495898880308
2026-04-04 16:00:00,27.77748385851534
2026-04-04 17:00:00,31.15066200611757
2026-04-04 18:00:00,28.36327922323812
2026-04-04 19:00:00,29.14229428559375
2026-04-04 20:00:00,17.66675665033654
2026-04-04 21:00:00,13.298056292937051
2026-04-04 22:00:00,7.837711004288291
2026-04-04 23:00:00,5.0
2026-04-05 00:00:00,5.384481108258305
2026-04-05 01:00:00,5.755333694383532
2026-04-05 02:00:00,6.230072769803267
2026-04-05 03:00:00,7.655049748701325
2026-04-05 04:00:00,6.038517031804446
2026-04-05 05:00:00,13.635133032629724
2026-04-05 06:00:00,17.829141940584506
2026-04-05 07:00:00,19.873176751951135
2026-04-05 08:00:00,26.054859852914465
2026-04-05 09:00:00,31.422842411588086
2026-04-05 10:00:00,39.73552531458263
2026-04-05 11:00:00,34.39055327194241
2026-04-05 12:00:00,35.25207647407289
2026-04-05 13:00:00,33.502193696653784
2026-04-05 14:00:00,24.95466553180449
2026-04-05 15:00:00,31.053899048367473
2026-04-05 16:00:00,30.187445513347598
2026-04-05 17:00:00,39.00056072360529
2026-04-05 18:00:00,27.25552516672147
2026-04-05 19:00:00,26.523903692796644
2026-04-05 20:00:00,20.38612194702498
2026-04-05 21:00:00,9.983992728849994
2026-04-05 22:00:00,14.027434874877002
2026-04-05 23:00:00,9.072197568777199
2026-04-06 00:00:00,13.414127788172188
2026-04-06 01:00:00,7.123562786485019
2026-04-06 02:00:00,17.87079618697782
2026-04-06 03:00:00,9.03599403103279
2026-04-06 04:00:00,20.097428375207183
2026-04-06 05:00:00,30.129536826931073
2026-04-06 06:00:00,21.287854706168833
2026-04-06 07:00:00,26.867094910426523
2026-04-06 08:00:00,33.14860815992907
2026-04-06 09:00:00,33.842736367865136
2026-04-06 10:00:00,32.03812798547598
2026-04-06 11:00:00,40.016493919839164
2026-04-06 12:00:00,36.0226600562774
2026-04-06 13:00:00,41.744347082259175
2026-04-06 14:00:00,35.00205345606544
2026-04-06 15:00:00,43.4096921702345
2026-04-06 16:00:00,32.863511504238545
2026-04-06 17:00:00,33.90934620884145
2026-04-06 18:00:00,37.32903789532464
2026-04-06 19:00:00,26.444257057726375
2026-04-06 20:00:00,27.48480876426247
2026-04-06 21:00:00,25.937275896457837
2026-04-06 22:00:00,9.07621067857201
2026-04-06 23:00:00,12.853000872159319
2026-04-07 00:00:00,11.339531176993695
2026-04-07 01:00:00,13.938404092773217
2026-04-07 02:00:00,7.361816099721096
2026-04-07 03:00:00,9.411571829864808
2026-04-07 04:00:00,19.887766262473694
2026-04-07 05:00:00,22.605653016623904
2026-04-07 06:00:00,26.301971408075094
2026-04-07 07:00:00,30.568078666825514
2026-04-07 08:00:00,30.079903813264536
2026-04-07 09:00:00,36.83565377297394
2026-04-07 10:00:00,39.46307160293523
2026-04-07 11:00:00,36.93483634850958
2026-04-07 12:00:00,574.5638379348325
2026-04-07 13:00:00,41.7953090433656
2026-04-07 14:00:00,33.964536404190056
2026-04-07 15:00:00,39.88616898469966
2026-04-07 16:00:00,32.14779799267421
2026-04-07 17:00:00,38.39593068863395
2026-04-07 18:00:00,38.75935134187557
2026-04-07 19:00:00,28.134985050055356
2026-04-07 20:00:00,30.47847354282324
2026-04-07 21:00:00,727.9075143870436
2026-04-07 22:00:00,18.844384256794882
2026-04-07 23:00:00,19.75163736864589
2026-04-08 00:00:00,9.368447535988517
2026-04-08 01:00:00,7.846167948234016
2026-04-08 02:00:00,8.80156122473133
2026-04-08 03:00:00,11.48015714234016
2026-04-08 04:00:00,17.541593162349688
2026-04-08 05:00:00,22.83232222295774
2026-04-08 06:00:00,26.456763204011665
2026-04-08 07:00:00,32.541018824981705
2026-04-08 08:00:00,32.902010267090134
2026-04-08 09:00:00,41.7707752929592
2026-04-08 10:00:00,37.28215437678869
2026-04-08 11:00:00,50.72291868697353
2026-04-08 12:00:00,42.87454430224185
2026-04-08 13:00:00,36.52134713405332
2026-04-08 14:00:00,34.4961804007562
2026-04-08 15:00:00,39.23984421113708
2026-04-08 16:00:00,35.202673532280095
2026-04-08 17:00:00,38.15359425003252
2026-04-08 18:00:00,36.06791952414014
2026-04-08 19:00:00,31.176398672834704
2026-04-08 20:00:00,23.287794153572335
2026-04-08 21:00:00,14.749315980584667
2026-04-08 22:00:00,13.820083808548837
2026-04-08 23:00:00,15.640060615323991
2026-04-09 00:00:00,11.256374976520815
2026-04-09 01:00:00,5.928157490816023
2026-04-09 02:00:00,13.102342646638151
2026-04-09 03:00:00,16.33466780111726
2026-04-09 04:00:00,14.36457025520157
2026-04-09 05:00:00,22.13261474747327
2026-04-09 06:00:00,25.632834880475585
2026-04-09 07:00:00,24.710404637515115
2026-04-09 08:00:00,34.33115214097163
2026-04-09 09:00:00,38.24977708980287
2026-04-09 10:00:00,42.722986682441615
2026-04-09 11:00:00,44.107450228754665
2026-04-09 12:00:00,34.91119743935346
2026-04-09 13:00:00,36.24867720005796
2026-04-09 14:00:00,40.88989146183529
2026-04-09 15:00:00,39.41509835381317
2026-04-09 16:00:00,38.20671541880768
2026-04-09 17:00:00,50.75851823628303
2026-04-09 18:00:00,36.50853106861862
2026-04-09 19:00:00,36.05997688418459
2026-04-09 20:00:00,30.540976079818762
2026-04-09 21:00:00,23.464269884551314
2026-04-09 22:00:00,14.395066638255539
2026-04-09 23:00:00,15.300342320003171
2026-04-10 00:00:00,7.358699141849712
2026-04-10 01:00:00,10.013838178703939
2026-04-10 02:00:00,10.51816475191701
2026-04-10 03:00:00,15.170894839747202
2026-04-10 04:00:00,27.208634266700138
2026-04-10 05:00:00,14.098653553324167
2026-04-10 06:00:00,28.19504076818964
2026-04-10 07:00:00,22.881422344079002
2026-04-10 08:00:00,31.06227523642077
2026-04-10 09:00:00,40.4124413721994
2026-04-10 10:00:00,38.697901786122365
2026-04-10 11:00:00,35.63126290889783
2026-04-10 12:00:00,37.610660074141954
2026-04-10 13:00:00,42.768368355457156
2026-04-10 14:00:00,35.958283866132106
2026-04-10 15:00:00,248.06209379895597
2026-04-10 16:00:00,36.37881203319875
2026-04-10 17:00:00,32.79119088324089
2026-04-10 18:00:00,42.85074538314726
2026-04-10 19:00:00,34.10339041273424
2026-04-10 20:00:00,18.67439867921552
2026-04-10 21:00:00,21.654522138405834
2026-04-10 22:00:00,13.058997757743368
2026-04-10 23:00:00,15.724198777214998
2026-04-11 00:00:00,5.0
2026-04-11 01:00:00,5.0
2026-04-11 02:00:00,8.529568059155253
2026-04-11 03:00:00,12.356419058882398
2026-04-11 04:00:00,7.198814371782999
2026-04-11 05:00:00,14.279709380327366
2026-04-11 06:00:00,17.60021876204776
2026-04-11 07:00:00,20.768968898542763
2026-04-11 08:00:00,34.06181966070289
2026-04-11 09:00:00,31.726565828173754
2026-04-11 10:00:00,27.44724589240033
2026-04-11 11:00:00,37.66368980883416
2026-04-11 12:00:00,43.010499699232355
2026-04-11 13:00:00,38.22983840192304
2026-04-11 14:00:00,26.8522705291846
2026-04-11 15:00:00,29.523018258699334
2026-04-11 16:00:00,35.314169270329984
2026-04-11 17:00:00,26.616914411189025
2026-04-11 18:00:00,30.100246738430872
2026-04-11 19:00:00,28.71625053717954
2026-04-11 20:00:00,17.11724713953362
2026-04-11 21:00:00,262.4854509875301
2026-04-11 22:00:00,5.0
2026-04-11 23:00:00,5.0
2026-04-12 00:00:00,5.0
2026-04-12 01:00:00,5.0
2026-04-12 02:00:00,13.089264158959963
2026-04-12 03:00:00,5.0
2026-04-12 04:00:00,10.289822053218169
2026-04-12 05:00:00,16.190676632835526
2026-04-12 06:00:00,25.31509316295605
2026-04-12 07:00:00,17.68883722411985
2026-04-12 08:00:00,31.70265770819834
2026-04-12 09:00:00,30.197571228408282
2026-04-12 10:00:00,28.6147471055487
2026-04-12 11:00:00,35.890655917668134
2026-04-12 12:00:00,35.368113693475706
2026-04-12 13:00:00,31.74910985108327
2026-04-12 14:00:00,33.25895873296073
2026-04-12 15:00:00,29.9687001627173
2026-04-12 16:00:00,30.750594054588486
2026-04-12 17:00:00,32.14611497174834
2026-04-12 18:00:00,34.71903629042737
2026-04-12 19:00:00,20.7164523281548
2026-04-12 20:00:00,29.40710252447102
2026-04-12 21:00:00,7.200353681238117
2026-04-12 22:00:00,9.199003236674589
2026-04-12 23:00:00,8.767734263968407
2026-04-13 00:00:00,11.72396747094013
2026-04-13 01:00:00,8.620314526381598
2026-04-13 02:00:00,11.777129941804322
2026-04-13 03:00:00,13.021394543566581
2026-04-13 04:00:00,15.742540972229259
2026-04-13 05:00:00,25.11612271177526
2026-04-13 06:00:00,27.028061950551777
2026-04-13 07:00:00,26.710647447794994
2026-04-13 08:00:00,36.69840220131151
2026-04-13 09:00:00,37.435837067836374
2026-04-13 10:00:00,41.842230185096355
2026-04-13 11:00:00,42.6107573883095
2026-04-13 12:00:00,37.305894867493535
2026-04-13 13:00:00,37.959253198930575
2026-04-13 14:00:00,42.018924813493705
2026-04-13 15:00:00,40.0014356118982
2026-04-13 16:00:00,36.262918297726905
2026-04-13 17:00:00,36.01690180689928
2026-04-13 18:00:00,39.53562860899966
2026-04-13 19:00:00,29.351428768118875
2026-04-13 20:00:00,29.113358550526105
2026-04-13 21:00:00,20.24993426959255
2026-04-13 22:00:00,14.98541880390804
2026-04-13 23:00:00,16.85957284597886
2026-04-14 00:00:00,13.95166539595212
2026-04-14 01:00:00,14.41515114966653
2026-04-14 02:00:00,17.88153417185074
2026-04-14 03:00:00,15.127413648732949
2026-04-14 04:00:00,20.877811885185956
2026-04-14 05:00:00,20.526647297317336
2026-04-14 06:00:00,26.946665416645352
2026-04-14 07:00:00,29.01171361136687
2026-04-14 08:00:00,621.0184226977028
2026-04-14 09:00:00,38.637267086077586
2026-04-14 10:00:00,35.36789897680662
2026-04-14 11:00:00,48.51179112335689
2026-04-14 12:00:00,36.64780538518302
2026-04-14 13:00:00,35.39322290856752
2026-04-14 14:00:00,43.71219388700092
2026-04-14 15:00:00,40.77660532601608
2026-04-14 16:00:00,38.89300394179212
2026-04-14 17:00:00,38.11097431072127
2026-04-14 18:00:00,34.4259819344583
2026-04-14 19:00:00,28.178696837518867
2026-04-14 20:00:00,27.278187258620857
2026-04-14 21:00:00,18.400058033279677
2026-04-14 22:00:00,19.806622550487926
2026-04-14 23:00:00,11.926235912021548
2026-04-15 00:00:00,7.398011212829953
2026-04-15 01:00:00,9.925569239052
2026-04-15 02:00:00,14.36134476033592
2026-04-15 03:00:00,12.838500070986013
2026-04-15 04:00:00,14.911118417740377
2026-04-15 05:00:00,821.0671630116387
2026-04-15 06:00:00,26.679866291126476
2026-04-15 07:00:00,27.55451312735309
2026-04-15 08:00:00,31.315849477105214
2026-04-15 09:00:00,37.23483873376048
2026-04-15 10:00:00,32.898444343751216
2026-04-15 11:00:00,34.56238692310883
2026-04-15 12:00:00,37.84809802617208
2026-04-15 13:00:00,39.446188752871066
2026-04-15 14:00:00,40.37338065539267
2026-04-15 15:00:00,43.56137941796255
2026-04-15 16:00:00,502.75037239816817
2026-04-15 17:00:00,35.00783815381045
2026-04-15 18:00:00,34.448904194235205
2026-04-15 19:00:00,27.80759686491096
2026-04-15 20:00:00,26.95091648187639
2026-04-15 21:00:00,20.00407032364757
2026-04-15 22:00:00,17.24701785816928
2026-04-15 23:00:00,9.255541663820809
2026-04-16 00:00:00,12.82738605696469
2026-04-16 01:00:00,519.4471997496179
2026-04-16 02:00:00,12.324578349405993
2026-04-16 03:00:00,16.75024517059768
2026-04-16 04:00:00,21.010575966850553
2026-04-16 05:00:00,20.262832436147814
2026-04-16 06:00:00,26.646369933933254
2026-04-16 07:00:00,29.68265543196479
2026-04-16 08:00:00,33.64070709377383
2026-04-16 09:00:00,33.26459984890807
2026-04-16 10:00:00,38.83882240677628
2026-04-16 11:00:00,441.7813425683812
2026-04-16 12:00:00,46.57644934236199
2026-04-16 13:00:00,44.18706066405928
2026-04-16 14:00:00,47.79248022304688
2026-04-16 15:00:00,34.64056429861214
2026-04-16 16:00:00,39.98580722046621
2026-04-16 17:00:00,36.430960296617556
2026-04-16 18:00:00,43.33418075871665
2026-04-16 19:00:00,28.63452118204159
2026-04-16 20:00:00,23.71608165712285
2026-04-16 21:00:00,18.811134297552037
2026-04-16 22:00:00,7.510560719577693
2026-04-16 23:00:00,10.511445351307058
2026-04-17 00:00:00,7.763469353785209
2026-04-17 01:00:00,11.912687751568805
2026-04-17 02:00:00,14.176642846342062
2026-04-17 03:00:00,22.698081639065457
2026-04-17 04:00:00,22.101695352750305
2026-04-17 05:00:00,19.61009970104155
2026-04-17 06:00:00,22.206341321298154
2026-04-17 07:00:00,31.649962514863635
2026-04-17 08:00:00,28.01906987149593
2026-04-17 09:00:00,43.732474047747345
2026-04-17 10:00:00,43.508542192625654
2026-04-17 11:00:00,38.41553941219623
2026-04-17 12:00:00,33.96933679481831
2026-04-17 13:00:00,45.8154668563801
2026-04-17 14:00:00,38.771591011990175
2026-04-17 15:00:00,42.71121979805818
2026-04-17 16:00:00,30.168814038406023
2026-04-17 17:00:00,33.35009218184906
2026-04-17 18:00:00,34.64594382471869
2026-04-17 19:00:00,32.10563669852117
2026-04-17 20:00:00,25.32470713992898
2026-04-17 21:00:00,23.750104608718118
2026-04-17 22:00:00,11.785661899286545
2026-04-17 23:00:00,12.09494749794493
2026-04-18 00:00:00,5.331182526847595
2026-04-18 01:00:00,7.41886794189897
2026-04-18 02:00:00,9.706078455588983
2026-04-18 03:00:00,5.0
2026-04-18 04:00:00,6.213543317063614
2026-04-18 05:00:00,21.078421611285197
2026-04-18 06:00:00,21.179256054609954
2026-04-18 07:00:00,20.738339682611397
2026-04-18 08:00:00,33.55461060166859
2026-04-18 09:00:00,30.91933752150137
2026-04-18 10:00:00,37.55797044599582
2026-04-18 11:00:00,34.61231594625549
2026-04-18 12:00:00,43.114866610709775
2026-04-18 13:00:00,41.471340729491274
2026-04-18 14:00:00,32.28389379908436
2026-04-18 15:00:00,35.69623835398176
2026-04-18 16:00:00,33.17802847192409
2026-04-18 17:00:00,35.27211850379354
2026-04-18 18:00:00,24.815275183525543
2026-04-18 19:00:00,28.711920163455954
2026-04-18 20:00:00,25.408666973244305
2026-04-18 21:00:00,8.273746933635667
2026-04-18 22:00:00,5.37310956615382
2026-04-18 23:00:00,5.0
2026-04-19 00:00:00,5.0
2026-04-19 01:00:00,8.281281628847825
2026-04-19 02:00:00,12.919047151617537
2026-04-19 03:00:00,9.589777403881014
2026-04-19 04:00:00,18.91446218229127
2026-04-19 05:00:00,10.497308490831593
2026-04-19 06:00:00,13.086470249270967
2026-04-19 07:00:00,23.560095033251134
2026-04-19 08:00:00,28.93626449533573
2026-04-19 09:00:00,30.37585999195356
2026-04-19 10:00:00,24.621013309581002
2026-04-19 11:00:00,34.035761862563895
2026-04-19 12:00:00,29.703996909162413
2026-04-19 13:00:00,37.1786675550386
2026-04-19 14:00:00,34.79614337738804
2026-04-19 15:00:00,28.100435404854917
2026-04-19 16:00:00,28.591057004236717
2026-04-19 17:00:00,25.610738186108343
2026-04-19 18:00:00,28.47425263675327
2026-04-19 19:00:00,29.838283605467147
2026-04-19 20:00:00,17.282064840503775
2026-04-19 21:00:00,17.374890941399503
2026-04-19 22:00:00,8.035113143327159
2026-04-19 23:00:00,5.0
2026-04-20 00:00:00,10.521878560181769
2026-04-20 01:00:00,7.320143315986478
2026-04-20 02:00:00,10.745021721844694
2026-04-20 03:00:00,10.551886711846517
2026-04-20 04:00:00,26.30890053167166
2026-04-20 05:00:00,22.208768531578073
2026-04-20 06:00:00,23.151097974721242
2026-04-20 07:00:00,30.6882054717745
2026-04-20 08:00:00,33.00069050081519
2026-04-20 09:00:00,35.67276058619704
2026-04-20 10:00:00,41.39744850991421
2026-04-20 11:00:00,43.472272860804274
2026-04-20 12:00:00,38.84987032073972
2026-04-20 13:00:00,38.24670439713974
2026-04-20 14:00:00,38.27954360439408
2026-04-20 15:00:00,435.2543458843885
2026-04-20 16:00:00,30.63576042478929
2026-04-20 17:00:00,41.36508934344225
2026-04-20 18:00:00,41.3548398798511
2026-04-20 19:00:00,31.071570165236686
2026-04-20 20:00:00,29.58119687806902
2026-04-20 21:00:00,179.4689817109145
2026-04-20 22:00:00,28.52166685063787
2026-04-20 23:00:00,17.29276508376841
2026-04-21 00:00:00,10.488329634076933
2026-04-21 01:00:00,7.688950843262272
2026-04-21 02:00:00,6.5838336622031335
2026-04-21 03:00:00,16.207252825670807
2026-04-21 04:00:00,15.47459701886889
2026-04-21 05:00:00,16.428699485300463
2026-04-21 06:00:00,23.41370846972148
2026-04-21 07:00:00,25.55609381438003
2026-04-21 08:00:00,40.24856923986876
2026-04-21 09:00:00,40.133198012127735
2026-04-21 10:00:00,38.95889114447404
2026-04-21 11:00:00,46.41201857617516
2026-04-21 12:00:00,41.331348141772295
2026-04-21 13:00:00,37.154840554405396
2026-04-21 14:00:00,45.52224670207928
2026-04-21 15:00:00,40.11559472490298
2026-04-21 16:00:00,32.597540056277666
2026-04-21 17:00:00,35.18623756132972
2026-04-21 18:00:00,31.32249601230693
2026-04-21 19:00:00,26.58651539960485
2026-04-21 20:00:00,31.029679215972518
2026-04-21 21:00:00,29.096371441208646
2026-04-21 22:00:00,10.661873321540355
2026-04-21 23:00:00,15.116342384792386
2026-04-22 00:00:00,8.447429723512693
2026-04-22 01:00:00,9.61261107060519
2026-04-22 02:00:00,10.690043246277948
2026-04-22 03:00:00,11.987435203482649
2026-04-22 04:00:00,18.74408651178541
2026-04-22 05:00:00,18.84391385804701
2026-04-22 06:00:00,27.13182730981094
2026-04-22 07:00:00,29.731333391041062
2026-04-22 08:00:00,32.59421051211286
2026-04-22 09:00:00,33.02638433616354
2026-04-22 10:00:00,36.73369638746718
2026-04-22 11:00:00,43.56380692391807
2026-04-22 12:00:00,43.07554366167935
2026-04-22 13:00:00,495.07481912666066
2026-04-22 14:00:00,39.87707961471755
2026-04-22 15:00:00,41.01550304365149
2026-04-22 16:00:00,30.118903549098004
2026-04-22 17:00:00,38.17103304318389
2026-04-22 18:00:00,32.22447399006257
2026-04-22 19:00:00,34.45010899783483
2026-04-22 20:00:00,24.321932399675887
2026-04-22 21:00:00,230.7229312041531
2026-04-22 22:00:00,9.795973865284271
2026-04-22 23:00:00,13.10680522467563
2026-04-23 00:00:00,12.138890006885926
2026-04-23 01:00:00,7.99384610524634
2026-04-23 02:00:00,15.663988778342919
2026-04-23 03:00:00,8.847318033126072
2026-04-23 04:00:00,18.33568080541684
2026-04-23 05:00:00,17.373649524641337
2026-04-23 06:00:00,23.49265557548295
2026-04-23 07:00:00,30.171880514103268
2026-04-23 08:00:00,30.158349238442693
2026-04-23 09:00:00,35.16841680741064
2026-04-23 10:00:00,43.11595294659827
2026-04-23 11:00:00,38.28467454252246
2026-04-23 12:00:00,44.46464335944239
2026-04-23 13:00:00,36.18114994108798
2026-04-23 14:00:00,41.648967104661786
2026-04-23 15:00:00,43.82622903279594
2026-04-23 16:00:00,26.959946673074338
2026-04-23 17:00:00,32.86001125178225
2026-04-23 18:00:00,37.23325753456812
2026-04-23 19:00:00,31.405532779290226
2026-04-23 20:00:00,28.90955251933119
2026-04-23 21:00:00,19.142764132464844
2026-04-23 22:00:00,16.702502766708523
2026-04-23 23:00:00,12.341756496461784
2026-04-24 00:00:00,15.82112824663923
2026-04-24 01:00:00,12.678795978868827
2026-04-24 02:00:00,14.510029591534233
2026-04-24 03:00:00,13.895890417712044
2026-04-24 04:00:00,16.69957510371613
2026-04-24 05:00:00,20.537481572412677
2026-04-24 06:00:00,27.727808576204772
2026-04-24 07:00:00,28.348347905556558
2026-04-24 08:00:00,34.80910212716415
2026-04-24 09:00:00,45.058242178911684
2026-04-24 10:00:00,42.625280523467275
2026-04-24 11:00:00,39.338147891943684
2026-04-24 12:00:00,45.9767305998376
2026-04-24 13:00:00,39.117675867632244
2026-04-24 14:00:00,31.427252252289236
2026-04-24 15:00:00,710.2515585087015
2026-04-24 16:00:00,29.41335698948007
2026-04-24 17:00:00,34.69153833749891
2026-04-24 18:00:00,35.04864254260416
2026-04-24 19:00:00,709.0066174617026
2026-04-24 20:00:00,28.7826785209026
2026-04-24 21:00:00,20.732302764092665
2026-04-24 22:00:00,19.723765941550877
2026-04-24 23:00:00,5.0
2026-04-25 00:00:00,6.142458232434264
2026-04-25 01:00:00,8.794573381211842
2026-04-25 02:00:00,5.0
2026-04-25 03:00:00,14.16841445502963
2026-04-25 04:00:00,14.05398562998376
2026-04-25 05:00:00,14.656562668087954
2026-04-25 06:00:00,22.731127471116725
2026-04-25 07:00:00,33.16505726005519
2026-04-25 08:00:00,28.427467719812483
2026-04-25 09:00:00,31.799521329531277
2026-04-25 10:00:00,31.353338111579536
2026-04-25 11:00:00,31.292864542755886
2026-04-25 12:00:00,38.54321817735881
2026-04-25 13:00:00,31.375642056082985
2026-04-25 14:00:00,33.91601534187823
2026-04-25 15:00:00,30.24932476310388
2026-04-25 16:00:00,32.86244397656906
2026-04-25 17:00:00,31.482240694811942
2026-04-25 18:00:00,33.17512880287755
2026-04-25 19:00:00,24.277648728043207
2026-04-25 20:00:00,20.445469284672466
2026-04-25 21:00:00,11.743650016198893
2026-04-25 22:00:00,8.678970576512473
2026-04-25 23:00:00,8.573667410209511
2026-04-26 00:00:00,8.277954466581408
2026-04-26 01:00:00,5.0
2026-04-26 02:00:00,10.738042623656064
2026-04-26 03:00:00,15.065949717421717
2026-04-26 04:00:00,14.403739612900907
2026-04-26 05:00:00,23.874897573923423
2026-04-26 06:00:00,17.154843210277292
2026-04-26 07:00:00,19.153667015591942
2026-04-26 08:00:00,20.63512170396139
2026-04-26 09:00:00,36.84081623028666
2026-04-26 10:00:00,35.85824433515674
2026-04-26 11:00:00,34.51990333697323
2026-04-26 12:00:00,36.39174941646111
2026-04-26 13:00:00,30.348021170524945
2026-04-26 14:00:00,43.46275831146796
2026-04-26 15:00:00,32.72683927806525
2026-04-26 16:00:00,31.434103852003066
2026-04-26 17:00:00,33.100658769258914
2026-04-26 18:00:00,30.999005952792814
2026-04-26 19:00:00,27.26325042057872
2026-04-26 20:00:00,18.413071204064703
2026-04-26 21:00:00,17.59457830787211
2026-04-26 22:00:00,18.034241602717056
2026-04-26 23:00:00,12.496145622650012
2026-04-27 00:00:00,17.672746506557587
2026-04-27 01:00:00,9.766249899939234
2026-04-27 02:00:00,9.3511996621991
2026-04-27 03:00:00,15.19025060180332
2026-04-27 04:00:00,19.022899649160884
2026-04-27 05:00:00,26.794480397574954
2026-04-27 06:00:00,19.53014148783231
2026-04-27 07:00:00,36.300487106680066
2026-04-27 08:00:00,33.167971105262545
2026-04-27 09:00:00,35.19911470454025
2026-04-27 10:00:00,35.24236420869984
2026-04-27 11:00:00,34.17281533315197
2026-04-27 12:00:00,44.61455724702948
2026-04-27 13:00:00,41.19324922847206
2026-04-27 14:00:00,34.569906794036434
2026-04-27 15:00:00,33.07963946190987
2026-04-27 16:00:00,35.70338587642298
2026-04-27 17:00:00,42.92367837482172
2026-04-27 18:00:00,34.086603620391536
2026-04-27 19:00:00,26.40514251098977
2026-04-27 20:00:00,26.641996769502175
2026-04-27 21:00:00,20.667810600337443
2026-04-27 22:00:00,5.768597045050635
2026-04-27 23:00:00,12.947285971958854
2026-04-28 00:00:00,10.426261879165288
2026-04-28 01:00:00,14.645938064917647
2026-04-28 02:00:00,20.755443323014802
2026-04-28 03:00:00,20.249658400392942
2026-04-28 04:00:00,17.774445237786782
2026-04-28 05:00:00,18.041610688724482
2026-04-28 06:00:00,36.64343921969103
2026-04-28 07:00:00,30.469159564895563
2026-04-28 08:00:00,33.90571986723029
2026-04-28 09:00:00,36.860138635889925
2026-04-28 10:00:00,40.133120752811934
2026-04-28 11:00:00,40.26480037291928
2026-04-28 12:00:00,39.077226883660884
2026-04-28 13:00:00,38.76254159475688
2026-04-28 14:00:00,39.64873731213666
2026-04-28 15:00:00,36.13625546562928
2026-04-28 16:00:00,34.24514154287484
2026-04-28 17:00:00,36.72331318443174
2026-04-28 18:00:00,34.15506015616254
2026-04-28 19:00:00,38.48368627779295
2026-04-28 20:00:00,17.071089792273906
2026-04-28 21:00:00,26.174732287017974
2026-04-28 22:00:00,21.59048438680744
2026-04-28 23:00:00,5.0
2026-04-29 00:00:00,10.029249623678606
2026-04-29 01:00:00,489.7733447453187
2026-04-29 02:00:00,7.779572164362139
2026-04-29 03:00:00,12.682131531838412
2026-04-29 04:00:00,14.457696618142787
2026-04-29 05:00:00,29.52679609738565
2026-04-29 06:00:00,30.14271357928143
2026-04-29 07:00:00,35.368506208814246
2026-04-29 08:00:00,36.78669095575144
2026-04-29 09:00:00,32.490431899461015
2026-04-29 10:00:00,37.29270064462141
2026-04-29 11:00:00,42.84974026552672
2026-04-29 12:00:00,36.53336367561404
2026-04-29 13:00:00,43.851971080408
2026-04-29 14:00:00,38.868448800368114
2026-04-29 15:00:00,36.86067131996595
2026-04-29 16:00:00,39.99036454639746
2026-04-29 17:00:00,38.12464551960831
2026-04-29 18:00:00,33.781104362569636
2026-04-29 19:00:00,37.155033536919184
2026-04-29 20:00:00,23.40071571544636
2026-04-29 21:00:00,24.32244730710518
2026-04-29 22:00:00,19.028548648690453
2026-04-29 23:00:00,12.026279680774142
2026-04-30 00:00:00,12.754532088968471
2026-04-30 01:00:00,6.956658300122762
2026-04-30 02:00:00,17.155727020061025
2026-04-30 03:00:00,15.103789736429958
2026-04-30 04:00:00,16.859107917929943
2026-04-30 05:00:00,26.763751227038718
2026-04-30 06:00:00,23.632625244520547
2026-04-30 07:00:00,24.69844064338337
2026-04-30 08:00:00,27.72348600548289
2026-04-30 09:00:00,39.48067878971249
2026-04-30 10:00:00,34.31906429975538
2026-04-30 11:00:00,47.96141874855251
2026-04-30 12:00:00,33.14415727964694
2026-04-30 13:00:00,47.835802832878606
2026-04-30 14:00:00,40.72382026181113
2026-04-30 15:00:00,38.02310210268277
2026-04-30 16:00:00,35.0168483263477
2026-04-30 17:00:00,37.99413673107244
2026-04-30 18:00:00,35.12443021614657
2026-04-30 19:00:00,36.98092185152829
2026-04-30 20:00:00,28.23187962049411
2026-04-30 21:00:00,22.509911925175633
2026-04-30 22:00:00,15.251694767961496
2026-04-30 23:00:00,13.086682943145831
2026-05-01 00:00:00,12.731207075568237
2026-05-01 01:00:00,5.1704390350374725
2026-05-01 02:00:00,8.116877254810571
2026-05-01 03:00:00,18.866454658292774
2026-05-01 04:00:00,737.168373766817
2026-05-01 05:00:00,21.881780978280442
2026-05-01 06:00:00,26.573735738953157
2026-05-01 07:00:00,31.772612650284294
2026-05-01 08:00:00,31.840963978341055
2026-05-01 09:00:00,33.99342008272068
2026-05-01 10:00:00,40.27416273013124
2026-05-01 11:00:00,37.07875091015492
2026-05-01 12:00:00,43.15488593403971
2026-05-01 13:00:00,34.28964294276709
2026-05-01 14:00:00,44.04637294230323
2026-05-01 15:00:00,40.35034447981651
2026-05-01 16:00:00,38.270643610838995
2026-05-01 17:00:00,40.3783562094462
2026-05-01 18:00:00,41.986866803696266
2026-05-01 19:00:00,36.67519458353472
2026-05-01 20:00:00,20.461472100519373
2026-05-01 21:00:00,16.840397012385317
2026-05-01 22:00:00,14.256869306034206
2026-05-01 23:00:00,13.468829638873437
2026-05-02 00:00:00,7.620636081876492
2026-05-02 01:00:00,5.0
2026-05-02 02:00:00,8.306686001141736
2026-05-02 03:00:00,6.921866552788623
2026-05-02 04:00:00,10.603928788038312
2026-05-02 05:00:00,11.041069936298271
2026-05-02 06:00:00,16.857067022247968
2026-05-02 07:00:00,19.025547406372276
2026-05-02 08:00:00,24.146509687669173
2026-05-02 09:00:00,35.37120617076129
2026-05-02 10:00:00,29.743186154412736
2026-05-02 11:00:00,45.57177027996461
2026-05-02 12:00:00,37.54514651470538
2026-05-02 13:00:00,35.88932185449794
2026-05-02 14:00:00,30.546319272275795
2026-05-02 15:00:00,35.3111940678003
2026-05-02 16:00:00,28.9939733686324
2026-05-02 17:00:00,30.985631532245595
2026-05-02 18:00:00,39.61530717892114
2026-05-02 19:00:00,26.283474724563597
2026-05-02 20:00:00,26.472062330988656
2026-05-02 21:00:00,13.195999178824575
2026-05-02 22:00:00,10.666189654829076
2026-05-02 23:00:00,14.497667980572142
2026-05-03 00:00:00,5.0
2026-05-03 01:00:00,13.36090683765169
2026-05-03 02:00:00,10.440626685055324
2026-05-03 03:00:00,7.743531178624842
2026-05-03 04:00:00,15.629630956228187
2026-05-03 05:00:00,20.607932122198083
2026-05-03 06:00:00,23.087239855560373
2026-05-03 07:00:00,18.201386949275786
2026-05-03 08:00:00,25.19145399627903
2026-05-03 09:00:00,30.216564442123914
2026-05-03 10:00:00,33.29304799334032
2026-05-03 11:00:00,37.574930410817764
2026-05-03 12:00:00,36.332678914914844
2026-05-03 13:00:00,29.85859992487805
2026-05-03 14:00:00,35.55054179702451
2026-05-03 15:00:00,35.00229753129963
2026-05-03 16:00:00,33.58568646530765
2026-05-03 17:00:00,34.87071517588264
2026-05-03 18:00:00,32.76065764404158
2026-05-03 19:00:00,28.554434640375945
2026-05-03 20:00:00,21.644306180011366
2026-05-03 21:00:00,9.41486114526416
2026-05-03 22:00:00,12.574616493347264
2026-05-03 23:00:00,8.295216186682547
2026-05-04 00:00:00,12.736315348781494
2026-05-04 01:00:00,7.054118302382737
2026-05-04 02:00:00,9.335392781600374
2026-05-04 03:00:00,20.25600969553353
2026-05-04 04:00:00,18.99177938457948
2026-05-04 05:00:00,25.493717113181656
2026-05-04 06:00:00,26.76327351121343
2026-05-04 07:00:00,30.65131038682059
2026-05-04 08:00:00,37.90313792348249
2026-05-04 09:00:00,35.19246007146044
2026-05-04 10:00:00,40.02526481750444
2026-05-04 11:00:00,39.29314086579488
2026-05-04 12:00:00,39.93389000145256
2026-05-04 13:00:00,40.01328886584389
2026-05-04 14:00:00,40.9682854795355
2026-05-04 15:00:00,36.69496006351043
2026-05-04 16:00:00,42.41954917587758
2026-05-04 17:00:00,33.019163064786134
2026-05-04 18:00:00,34.72748244920052
2026-05-04 19:00:00,31.008790090365494
2026-05-04 20:00:00,33.76288056326088
2026-05-04 21:00:00,22.894923985374422
2026-05-04 22:00:00,21.033521774691458
2026-05-04 23:00:00,7.5722239458822145
2026-05-05 00:00:00,12.768201063477035
2026-05-05 01:00:00,15.769635788157721
2026-05-05 02:00:00,14.03875490033512
2026-05-05 03:00:00,20.35531978246332
2026-05-05 04:00:00,17.130846199604616
2026-05-05 05:00:00,28.45510408443348
2026-05-05 06:00:00,35.895592501168586
2026-05-05 07:00:00,29.130931587078972
2026-05-05 08:00:00,32.417992613975414
2026-05-05 09:00:00,43.12017689280074
2026-05-05 10:00:00,46.00907029266336
2026-05-05 11:00:00,39.100801912001984
2026-05-05 12:00:00,40.0411276427984
2026-05-05 13:00:00,40.17283892427643
2026-05-05 14:00:00,34.75194834886355
2026-05-05 15:00:00,34.98534676422755
2026-05-05 16:00:00,33.429961606575226
2026-05-05 17:00:00,33.57640201324764
2026-05-05 18:00:00,35.38622947629884
2026-05-05 19:00:00,33.75457325360828
2026-05-05 20:00:00,34.226970997102256
2026-05-05 21:00:00,18.16528871637296
2026-05-05 22:00:00,20.893433210723256
2026-05-05 23:00:00,12.708510061128065
2026-05-06 00:00:00,11.552145161390268
2026-05-06 01:00:00,14.96039057433039
2026-05-06 02:00:00,9.268730856984229
2026-05-06 03:00:00,17.673037266938117
2026-05-06 04:00:00,19.91580883285833
2026-05-06 05:00:00,24.83751937972376
2026-05-06 06:00:00,27.906674582322857
2026-05-06 07:00:00,40.45348638848119
2026-05-06 08:00:00,31.69904276257324
2026-05-06 09:00:00,35.23265116432266
2026-05-06 10:00:00,37.24821960404145
2026-05-06 11:00:00,39.02033354397403
2026-05-06 12:00:00,39.222326401955755
2026-05-06 13:00:00,46.10604348414866
2026-05-06 14:00:00,45.861767384960075
2026-05-06 15:00:00,36.426969375166436
2026-05-06 16:00:00,34.16710238116658
2026-05-06 17:00:00,38.583254499209765
2026-05-06 18:00:00,33.366076848722074
2026-05-06 19:00:00,35.39944159448424
2026-05-06 20:00:00,28.88666110925115
2026-05-06 21:00:00,16.145728419339196
2026-05-06 22:00:00,23.196164422137166
2026-05-06 23:00:00,20.797976130412188
2026-05-07 00:00:00,9.348845238062456
2026-05-07 01:00:00,10.760306365920039
2026-05-07 02:00:00,14.953080506133045
2026-05-07 03:00:00,17.53122544215001
2026-05-07 04:00:00,21.934177090697425
2026-05-07 05:00:00,30.95853247875656
2026-05-07 06:00:00,26.09221109671539
2026-05-07 07:00:00,27.489096850683794
2026-05-07 08:00:00,28.78272578752039
2026-05-07 09:00:00,34.482918824562255
2026-05-07 10:00:00,39.65827381824532
2026-05-07 11:00:00,48.4704734746862
2026-05-07 12:00:00,39.75142971503713
2026-05-07 13:00:00,42.295129166274045
2026-05-07 14:00:00,40.16405880870964
2026-05-07 15:00:00,43.51352764395667
2026-05-07 16:00:00,399.8767609524651
2026-05-07 17:00:00,34.62411718198286
2026-05-07 18:00:00,33.66721125577307
2026-05-07 19:00:00,37.09435783173848
2026-05-07 20:00:00,30.8525349843512
2026-05-07 21:00:00,29.645534182272257
2026-05-07 22:00:00,19.391856358120776
2026-05-07 23:00:00,12.227297074881864
2026-05-08 00:00:00,14.212619322769237
2026-05-08 01:00:00,16.795926927995605
2026-05-08 02:00:00,17.14154766802288
2026-05-08 03:00:00,18.272494406631104
2026-05-08 04:00:00,23.61669875836272
2026-05-08 05:00:00,27.644896685473853
2026-05-08 06:00:00,32.3786359708417
2026-05-08 07:00:00,33.32712537919618
2026-05-08 08:00:00,33.68153037831109
2026-05-08 09:00:00,38.043493730063226
2026-05-08 10:00:00,44.66681757577394
2026-05-08 11:00:00,38.07449933666611
2026-05-08 12:00:00,43.346568146673434
2026-05-08 13:00:00,39.87662211040901
2026-05-08 14:00:00,40.39472968473992
2026-05-08 15:00:00,43.923762000593534
2026-05-08 16:00:00,38.36092094566311
2026-05-08 17:00:00,36.98333846628874
2026-05-08 18:00:00,30.235544461926285
2026-05-08 19:00:00,35.95272858757108
2026-05-08 20:00:00,30.756905750410255
2026-05-08 21:00:00,30.961723772549966
2026-05-08 22:00:00,15.875030677004919
2026-05-08 23:00:00,14.591066748685858
2026-05-09 00:00:00,6.897534734843021
2026-05-09 01:00:00,12.720925724717873
2026-05-09 02:00:00,7.528436813685616
2026-05-09 03:00:00,11.409484385283271
2026-05-09 04:00:00,15.83158603887226
2026-05-09 05:00:00,17.76415081631659
2026-05-09 06:00:00,19.11426554848947
2026-05-09 07:00:00,25.55864580043084
2026-05-09 08:00:00,32.694529699017586
2026-05-09 09:00:00,27.40057778668569
2026-05-09 10:00:00,34.42266040632801
2026-05-09 11:00:00,32.591758760858355
2026-05-09 12:00:00,40.702061426881194
2026-05-09 13:00:00,29.40722974058335
2026-05-09 14:00:00,32.0940630039143
2026-05-09 15:00:00,34.368802050422424
2026-05-09 16:00:00,37.90862079052086
2026-05-09 17:00:00,30.584591229372197
2026-05-09 18:00:00,27.504170919073164
2026-05-09 19:00:00,34.542342601224554
2026-05-09 20:00:00,16.432913424180974
2026-05-09 21:00:00,7.563481052847795
2026-05-09 22:00:00,12.916201417030251
2026-05-09 23:00:00,5.756248540619658
2026-05-10 00:00:00,5.0
2026-05-10 01:00:00,9.294538394861387
2026-05-10 02:00:00,8.934821798318218
2026-05-10 03:00:00,8.087083759255
2026-05-10 04:00:00,8.328782405322524
2026-05-10 05:00:00,20.557543636811737
2026-05-10 06:00:00,23.55080471852623
2026-05-10 07:00:00,553.9691016825975
2026-05-10 08:00:00,35.83655068376916
2026-05-10 09:00:00,27.276299919025323
2026-05-10 10:00:00,27.838681026041556
2026-05-10 11:00:00,32.67460974109008
2026-05-10 12:00:00,35.789530845759835
2026-05-10 13:00:00,36.52333515700922
2026-05-10 14:00:00,33.414806161575335
2026-05-10 15:00:00,34.31817613622153
2026-05-10 16:00:00,26.690366976821718
2026-05-10 17:00:00,36.67265068995719
2026-05-10 18:00:00,29.446364312275684
2026-05-10 19:00:00,31.536897649814705
2026-05-10 20:00:00,23.645870411356768
2026-05-10 21:00:00,18.23571775594326
2026-05-10 22:00:00,13.485212737745735
2026-05-10 23:00:00,9.605299678099362
2026-05-11 00:00:00,14.570891039470176
2026-05-11 01:00:00,17.8277227261937
2026-05-11 02:00:00,14.795703622039303
2026-05-11 03:00:00,19.229413312555963
2026-05-11 04:00:00,327.21338179528686
2026-05-11 05:00:00,28.87818318548905
2026-05-11 06:00:00,24.294430798454506
2026-05-11 07:00:00,38.08604756048087
2026-05-11 08:00:00,34.33937089700113
2026-05-11 09:00:00,31.88353857585774
2026-05-11 10:00:00,40.503199369383665
2026-05-11 11:00:00,38.768035390715525
2026-05-11 12:00:00,45.384449107136724
2026-05-11 13:00:00,38.98948144250889
2026-05-11 14:00:00,38.645016660141536
2026-05-11 15:00:00,31.401791626382217
2026-05-11 16:00:00,35.937299396587186
2026-05-11 17:00:00,27.252074967148324
2026-05-11 18:00:00,29.489357731903066
2026-05-11 19:00:00,36.15937294803938
2026-05-11 20:00:00,31.46816966044928
2026-05-11 21:00:00,24.160535126467984
2026-05-11 22:00:00,13.388239044300068
2026-05-11 23:00:00,13.673620013462182
2026-05-12 00:00:00,12.035589843637727
2026-05-12 01:00:00,7.927653848893804
2026-05-12 02:00:00,20.073212150302027
2026-05-12 03:00:00,19.9528474445046
2026-05-12 04:00:00,18.66614330468745
2026-05-12 05:00:00,23.275257679669284
2026-05-12 06:00:00,27.883531238481797
2026-05-12 07:00:00,22.765346355140448
2026-05-12 08:00:00,33.56129316949611
2026-05-12 09:00:00,34.92870199233874
2026-05-12 10:00:00,36.03430167016084
2026-05-12 11:00:00,40.41784084907123
2026-05-12 12:00:00,49.262621018579914
2026-05-12 13:00:00,44.21334880478649
2026-05-12 14:00:00,262.5546186420874
2026-05-12 15:00:00,41.300285675588974
2026-05-12 16:00:00,43.3939464199275
2026-05-12 17:00:00,40.69612700531522
2026-05-12 18:00:00,36.113490505526656
2026-05-12 19:00:00,30.579967212639897
2026-05-12 20:00:00,31.167862280300312
2026-05-12 21:00:00,24.082646421015124
2026-05-12 22:00:00,20.88691649692785
2026-05-12 23:00:00,16.45515264475798
2026-05-13 00:00:00,16.29821086127734
2026-05-13 01:00:00,10.470171759421703
2026-05-13 02:00:00,19.379195205770728
2026-05-13 03:00:00,17.28379670097151
2026-05-13 04:00:00,27.901043490507167
2026-05-13 05:00:00,20.46096305133289
2026-05-13 06:00:00,34.04385521935259
2026-05-13 07:00:00,31.773928962688203
2026-05-13 08:00:00,31.99433068512071
2026-05-13 09:00:00,35.77109564811265
2026-05-13 10:00:00,38.80939247696323
2026-05-13 11:00:00,43.28890580622272
2026-05-13 12:00:00,44.21321686332382
2026-05-13 13:00:00,39.405177343964134
2026-05-13 14:00:00,40.432332023956725
2026-05-13 15:00:00,47.6290359846118
2026-05-13 16:00:00,44.75669735398634
2026-05-13 17:00:00,38.79288695236028
2026-05-13 18:00:00,36.07698293851876
2026-05-13 19:00:00,33.69783963033524
2026-05-13 20:00:00,30.87904091676762
2026-05-13 21:00:00,18.467534618534504
2026-05-13 22:00:00,16.326637467123543
2026-05-13 23:00:00,7.290129142519744
2026-05-14 00:00:00,13.746892490421118
2026-05-14 01:00:00,15.249896364474939
2026-05-14 02:00:00,12.226873094035927
2026-05-14 03:00:00,22.839345335362044
2026-05-14 04:00:00,179.4855494081326
2026-05-14 05:00:00,17.41021480285188
2026-05-14 06:00:00,28.047807280931472
2026-05-14 07:00:00,35.220679039286225
2026-05-14 08:00:00,41.38571346540998
2026-05-14 09:00:00,35.92110193285417
2026-05-14 10:00:00,44.45550504346569
2026-05-14 11:00:00,41.48820814261222
2026-05-14 12:00:00,41.48136571141855
2026-05-14 13:00:00,45.28461710966514
2026-05-14 14:00:00,43.18904190665433
2026-05-14 15:00:00,32.80438592222734
2026-05-14 16:00:00,43.80268607248708
2026-05-14 17:00:00,42.61795769025395
2026-05-14 18:00:00,33.47271821980784
2026-05-14 19:00:00,34.85092845721183
2026-05-14 20:00:00,30.451089770976907
2026-05-14 21:00:00,23.65139994262375
2026-05-14 22:00:00,15.204923001435239
2026-05-14 23:00:00,11.327971966277897
2026-05-15 00:00:00,12.097783716034218
2026-05-15 01:00:00,17.402028682701435
2026-05-15 02:00:00,16.38401956161115
2026-05-15 03:00:00,15.11094095385749
2026-05-15 04:00:00,22.78679484259948
2026-05-15 05:00:00,11.923543841170858
2026-05-15 06:00:00,31.79506280818
2026-05-15 07:00:00,24.12343071372521
2026-05-15 08:00:00,33.250238933965974
2026-05-15 09:00:00,33.32795940582536
2026-05-15 10:00:00,35.01205580685689
2026-05-15 11:00:00,46.335549170129134
2026-05-15 12:00:00,40.35107010593426
2026-05-15 13:00:00,43.185992886641316
2026-05-15 14:00:00,40.44206807748392
2026-05-15 15:00:00,41.06811785905683
2026-05-15 16:00:00,38.25381223782452
2026-05-15 17:00:00,32.01562337690987
2026-05-15 18:00:00,40.01003630363452
2026-05-15 19:00:00,31.34268799081695
2026-05-15 20:00:00,22.298641431206946
2026-05-15 21:00:00,20.946244235464473
2026-05-15 22:00:00,23.459182779354165
2026-05-15 23:00:00,17.465352406484072
2026-05-16 00:00:00,5.0
2026-05-16 01:00:00,5.364081788390259
2026-05-16 02:00:00,6.973078738363893
2026-05-16 03:00:00,18.950390216445278
2026-05-16 04:00:00,15.277741808932317
2026-05-16 05:00:00,19.08788091245544
2026-05-16 06:00:00,25.371133822818955
2026-05-16 07:00:00,26.087442464943663
2026-05-16 08:00:00,27.71383411629569
2026-05-16 09:00:00,31.07123958799002
2026-05-16 10:00:00,33.95437667208425
2026-05-16 11:00:00,35.59335307457569
2026-05-16 12:00:00,39.18239308572974
2026-05-16 13:00:00,36.05776090294765
2026-05-16 14:00:00,37.61031070186297
2026-05-16 15:00:00,32.88708822973001
2026-05-16 16:00:00,32.311065434847855
2026-05-16 17:00:00,23.204789535535717
2026-05-16 18:00:00,33.740279724655885
2026-05-16 19:00:00,28.753668227054167
2026-05-16 20:00:00,26.56700946528456
2026-05-16 21:00:00,5.123683366553367
2026-05-16 22:00:00,19.859642435939833
2026-05-16 23:00:00,7.556106925409407
2026-05-17 00:00:00,10.732731266950067
2026-05-17 01:00:00,5.0
2026-05-17 02:00:00,10.760714563483702
2026-05-17 03:00:00,6.479736029507289
2026-05-17 04:00:00,11.304924157222883
2026-05-17 05:00:00,25.073839739158306
2026-05-17 06:00:00,20.5372704036382
2026-05-17 07:00:00,26.0520173215565
2026-05-17 08:00:00,32.28027362233352
2026-05-17 09:00:00,33.88936653622035
2026-05-17 10:00:00,34.89245733031481
2026-05-17 11:00:00,37.25208603047995
2026-05-17 12:00:00,45.93553725213492
2026-05-17 13:00:00,35.66950217158411
2026-05-17 14:00:00,35.53414657986052
2026-05-17 15:00:00,37.46257213419479
2026-05-17 16:00:00,36.46862840541543
2026-05-17 17:00:00,35.99571349590567
2026-05-17 18:00:00,32.6798899139627
2026-05-17 19:00:00,22.84569467254026
2026-05-17 20:00:00,29.15869515505034
2026-05-17 21:00:00,12.173323307253373
2026-05-17 22:00:00,12.766685477773054
2026-05-17 23:00:00,5.147362037952671
2026-05-18 00:00:00,12.09344661362803
2026-05-18 01:00:00,14.176162246877896
2026-05-18 02:00:00,15.645047805034515
2026-05-18 03:00:00,18.431081299143052
2026-05-18 04:00:00,26.304845076240692
2026-05-18 05:00:00,25.28185152974708
2026-05-18 06:00:00,26.373373465528992
2026-05-18 07:00:00,35.08863450199104
2026-05-18 08:00:00,39.60788465527707
2026-05-18 09:00:00,33.04620772378196
2026-05-18 10:00:00,42.73038198913994
2026-05-18 11:00:00,44.64693298985865
2026-05-18 12:00:00,41.18162089774186
2026-05-18 13:00:00,47.45280461296493
2026-05-18 14:00:00,40.179528044870544
2026-05-18 15:00:00,39.81226036405051
2026-05-18 16:00:00,37.404237376448016
2026-05-18 17:00:00,37.359908463990024
2026-05-18 18:00:00,31.789868678265155
2026-05-18 19:00:00,27.70751079308502
2026-05-18 20:00:00,35.05298927874584
2026-05-18 21:00:00,19.420859486054816
2026-05-18 22:00:00,13.640574218991693
2026-05-18 23:00:00,5.6009049836152425
2026-05-19 00:00:00,9.844153009241992
2026-05-19 01:00:00,7.618753432033982
2026-05-19 02:00:00,20.9776795837789
2026-05-19 03:00:00,20.83266663957245
2026-05-19 04:00:00,17.147398619295206
2026-05-19 05:00:00,32.527457545068394
2026-05-19 06:00:00,31.32706195465796
2026-05-19 07:00:00,29.982960294803117
2026-05-19 08:00:00,24.90237984008421
2026-05-19 09:00:00,47.1704092746929
2026-05-19 10:00:00,34.832491842686125
2026-05-19 11:00:00,35.310647032787486
2026-05-19 12:00:00,46.512156639220386
2026-05-19 13:00:00,51.75898698507554
2026-05-19 14:00:00,323.0113086923192
2026-05-19 15:00:00,41.61559103037378
2026-05-19 16:00:00,40.52554204024464
2026-05-19 17:00:00,40.76125450878538
2026-05-19 18:00:00,39.260683384993015
2026-05-19 19:00:00,34.6424800193397
2026-05-19 20:00:00,29.141773441653456
2026-05-19 21:00:00,22.608332367730032
2026-05-19 22:00:00,14.640285261350215
2026-05-19 23:00:00,13.141765130563005
2026-05-20 00:00:00,5.678172743218457
2026-05-20 01:00:00,12.567754098484974
2026-05-20 02:00:00,10.505254514629753
2026-05-20 03:00:00,12.42904101333883
2026-05-20 04:00:00,20.669576604620016
2026-05-20 05:00:00,29.135723469069557
2026-05-20 06:00:00,31.123266430700838
2026-05-20 07:00:00,25.0502834143449
2026-05-20 08:00:00,30.991490153297153
2026-05-20 09:00:00,41.819723736282796
2026-05-20 10:00:00,36.51083213558727
2026-05-20 11:00:00,41.04370942062695
2026-05-20 12:00:00,44.67208330728003
2026-05-20 13:00:00,38.176599540263915
2026-05-20 14:00:00,41.30125241758449
2026-05-20 15:00:00,34.073852570491525
2026-05-20 16:00:00,35.79105409777864
2026-05-20 17:00:00,38.6767200102343
2026-05-20 18:00:00,29.902994091719286
2026-05-20 19:00:00,35.32961327530379
2026-05-20 20:00:00,28.696417830139225
2026-05-20 21:00:00,25.118664696996714
2026-05-20 22:00:00,18.601800153075565
2026-05-20 23:00:00,303.6608691123745
2026-05-21 00:00:00,13.000898010591628
2026-05-21 01:00:00,11.293490441162962
2026-05-21 02:00:00,14.99880895536256
2026-05-21 03:00:00,19.066590398347465
2026-05-21 04:00:00,20.195440281308922
2026-05-21 05:00:00,23.78008108850669
2026-05-21 06:00:00,24.692033255464565
2026-05-21 07:00:00,28.73068215863382
2026-05-21 08:00:00,29.38958161237973
2026-05-21 09:00:00,45.10494595707769
2026-05-21 10:00:00,35.51532876817537
2026-05-21 11:00:00,39.22062122943142
2026-05-21 12:00:00,39.648245848905034
2026-05-21 13:00:00,45.67967486749622
2026-05-21 14:00:00,39.74995167983254
2026-05-21 15:00:00,44.45092284085928
2026-05-21 16:00:00,35.55256217660802
2026-05-21 17:00:00,38.563568922559355
2026-05-21 18:00:00,784.6888536734153
2026-05-21 19:00:00,42.19831083455575
2026-05-21 20:00:00,24.0745753497279
2026-05-21 21:00:00,24.197987720236235
2026-05-21 22:00:00,20.291251140545313
2026-05-21 23:00:00,16.019661827836096
2026-05-22 00:00:00,11.808849364489168
2026-05-22 01:00:00,12.54182980673027
2026-05-22 02:00:00,14.734864831149862
2026-05-22 03:00:00,16.355390275687956
2026-05-22 04:00:00,23.90551646718574
2026-05-22 05:00:00,32.50980633005656
2026-05-22 06:00:00,25.320032866660252
2026-05-22 07:00:00,25.953073910521297
2026-05-22 08:00:00,34.69687450617348
2026-05-22 09:00:00,48.4754763349472
2026-05-22 10:00:00,37.326083437861584
2026-05-22 11:00:00,48.59870924239132
2026-05-22 12:00:00,49.28267816748759
2026-05-22 13:00:00,39.93562439288647
2026-05-22 14:00:00,43.25568270974175
2026-05-22 15:00:00,46.02354104267849
2026-05-22 16:00:00,36.78001370963354
2026-05-22 17:00:00,36.6832708332547
2026-05-22 18:00:00,34.04824537005138
2026-05-22 19:00:00,29.608687400690727
2026-05-22 20:00:00,26.277858845581925
2026-05-22 21:00:00,18.1129438122791
2026-05-22 22:00:00,17.942477489853825
2026-05-22 23:00:00,11.334572513795536
2026-05-23 00:00:00,7.5351436471629905
2026-05-23 01:00:00,5.0
2026-05-23 02:00:00,9.933139872091251
2026-05-23 03:00:00,14.327514128637612
2026-05-23 04:00:00,6.1250574297202816
2026-05-23 05:00:00,19.21394060308145
2026-05-23 06:00:00,26.510675976584757
2026-05-23 07:00:00,20.64372175407279
2026-05-23 08:00:00,35.79029224692932
2026-05-23 09:00:00,33.88271502179411
2026-05-23 10:00:00,31.770734286706876
2026-05-23 11:00:00,35.86916570998423
2026-05-23 12:00:00,38.85518256126872
2026-05-23 13:00:00,36.5039989253681
2026-05-23 14:00:00,37.18477436278613
2026-05-23 15:00:00,29.87726017784688
2026-05-23 16:00:00,33.023967969727806
2026-05-23 17:00:00,25.89273428604423
2026-05-23 18:00:00,29.98006478045116
2026-05-23 19:00:00,24.102083757603037
2026-05-23 20:00:00,19.982849255486887
2026-05-23 21:00:00,22.003077580169876
2026-05-23 22:00:00,16.221384099193997
2026-05-23 23:00:00,10.90101792165881
2026-05-24 00:00:00,5.0
2026-05-24 01:00:00,5.895478806884768
2026-05-24 02:00:00,13.512009743150157
2026-05-24 03:00:00,11.610265936761532
2026-05-24 04:00:00,23.42731815993288
2026-05-24 05:00:00,19.340985681268645
2026-05-24 06:00:00,22.41819647265171
2026-05-24 07:00:00,24.2958199720276
2026-05-24 08:00:00,29.68416631870763
2026-05-24 09:00:00,31.646759638807758
2026-05-24 10:00:00,37.47321641649487
2026-05-24 11:00:00,39.969051287793384
2026-05-24 12:00:00,33.52791706915003
2026-05-24 13:00:00,30.925045545487336
2026-05-24 14:00:00,27.734928900587466
2026-05-24 15:00:00,35.641919857814514
2026-05-24 16:00:00,27.983058248888
2026-05-24 17:00:00,22.986029901854216
2026-05-24 18:00:00,32.02928344396982
2026-05-24 19:00:00,37.73971239319336
2026-05-24 20:00:00,22.950685379686377
2026-05-24 21:00:00,20.46266797713469
2026-05-24 22:00:00,12.23346105100718
2026-05-24 23:00:00,8.118906825265531
2026-05-25 00:00:00,16.376305931951073
2026-05-25 01:00:00,12.05001442890937
2026-05-25 02:00:00,15.779188199521034
2026-05-25 03:00:00,18.380189506985968
2026-05-25 04:00:00,17.527638185433908
2026-05-25 05:00:00,27.78588372183725
2026-05-25 06:00:00,27.00016097990995
2026-05-25 07:00:00,28.55930519086623
2026-05-25 08:00:00,37.34604207386012
2026-05-25 09:00:00,34.712767057165784
2026-05-25 10:00:00,40.80350633921702
2026-05-25 11:00:00,42.155766034038244
2026-05-25 12:00:00,47.06545717450814
2026-05-25 13:00:00,796.5766540157866
2026-05-25 14:00:00,41.02964255802008
2026-05-25 15:00:00,42.93101974696549
2026-05-25 16:00:00,44.00735486965275
2026-05-25 17:00:00,39.878833499071604
2026-05-25 18:00:00,36.56637950521949
2026-05-25 19:00:00,28.570369394061558
2026-05-25 20:00:00,24.76451437354446
2026-05-25 21:00:00,21.937806061909452
2026-05-25 22:00:00,15.518094808179788
2026-05-25 23:00:00,13.816580226088318
2026-05-26 00:00:00,12.976599699588428
2026-05-26 01:00:00,15.379883623090898
2026-05-26 02:00:00,14.477623830997059
2026-05-26 03:00:00,19.08940485750672
2026-05-26 04:00:00,20.507897659246584
2026-05-26 05:00:00,15.965848058275675
2026-05-26 06:00:00,23.99265843141657
2026-05-26 07:00:00,31.05593560595115
2026-05-26 08:00:00,30.411223728214072
2026-05-26 09:00:00,40.75635390431475
2026-05-26 10:00:00,46.8637850391153
2026-05-26 11:00:00,47.117289427404316
2026-05-26 12:00:00,41.91810342746099
2026-05-26 13:00:00,48.31288190711826
2026-05-26 14:00:00,41.7744202218091
2026-05-26 15:00:00,38.36161066569218
2026-05-26 16:00:00,36.04291401941973
2026-05-26 17:00:00,36.487713527711634
2026-05-26 18:00:00,35.02226175168104
2026-05-26 19:00:00,34.54937921296415
2026-05-26 20:00:00,29.71726495004541
2026-05-26 21:00:00,23.22088895994178
2026-05-26 22:00:00,19.75389629580232
2026-05-26 23:00:00,19.377050537175467
2026-05-27 00:00:00,16.598216541765296
2026-05-27 01:00:00,7.371520731864361
2026-05-27 02:00:00,5.0
2026-05-27 03:00:00,20.930677927159007
2026-05-27 04:00:00,14.832485206344419
2026-05-27 05:00:00,23.018652716120428
2026-05-27 06:00:00,637.8064925227693
2026-05-27 07:00:00,24.47436407851753
2026-05-27 08:00:00,37.46585361239765
2026-05-27 09:00:00,41.44325962554052
2026-05-27 10:00:00,38.48474010683363
2026-05-27 11:00:00,31.92807285203541
2026-05-27 12:00:00,40.636897118171895
2026-05-27 13:00:00,43.967193381328634
2026-05-27 14:00:00,35.31410411790414
2026-05-27 15:00:00,40.49339422928096
2026-05-27 16:00:00,38.48528527689151
2026-05-27 17:00:00,40.0647582720685
2026-05-27 18:00:00,37.10329049950257
2026-05-27 19:00:00,30.02543855993597
2026-05-27 20:00:00,33.91125503250392
2026-05-27 21:00:00,22.624586587220243
2026-05-27 22:00:00,17.946925458777194
2026-05-27 23:00:00,10.93139360173732
2026-05-28 00:00:00,11.076870995233959
2026-05-28 01:00:00,9.821901749556371
2026-05-28 02:00:00,14.16783470353973
2026-05-28 03:00:00,24.090232202771286
2026-05-28 04:00:00,14.86239542828068
2026-05-28 05:00:00,17.513468732184197
2026-05-28 06:00:00,33.73468131666602
2026-05-28 07:00:00,30.894991120230145
2026-05-28 08:00:00,32.673711744938835
2026-05-28 09:00:00,42.61625773391424
2026-05-28 10:00:00,38.41831955079306
2026-05-28 11:00:00,49.6462808748028
2026-05-28 12:00:00,45.583578396538904
2026-05-28 13:00:00,40.49833172713564
2026-05-28 14:00:00,49.90898324606267
2026-05-28 15:00:00,526.5484199344396
2026-05-28 16:00:00,41.564906161620726
2026-05-28 17:00:00,38.99476259529012
2026-05-28 18:00:00,41.88193418344115
2026-05-28 19:00:00,40.21375911036961
2026-05-28 20:00:00,29.30298562210902
2026-05-28 21:00:00,831.2330446593608
2026-05-28 22:00:00,19.946032188573387
2026-05-28 23:00:00,12.003603959021678
2026-05-29 00:00:00,20.95354899010649
2026-05-29 01:00:00,13.957253929994925
2026-05-29 02:00:00,13.44833273798499
2026-05-29 03:00:00,18.032119505661548
2026-05-29 04:00:00,15.011494841887316
2026-05-29 05:00:00,20.131258169648554
2026-05-29 06:00:00,32.70165563846928
2026-05-29 07:00:00,29.154708712952026
2026-05-29 08:00:00,31.21235876885074
2026-05-29 09:00:00,40.65324999443908
2026-05-29 10:00:00,45.633598328392495
2026-05-29 11:00:00,45.268055263275315
2026-05-29 12:00:00,46.90606565440509
2026-05-29 13:00:00,582.6638374087431
2026-05-29 14:00:00,35.64250772603327
2026-05-29 15:00:00,45.86528915798628
2026-05-29 16:00:00,37.35580531821495
2026-05-29 17:00:00,886.904105475435
2026-05-29 18:00:00,42.03774559324219
2026-05-29 19:00:00,36.24263436106483
2026-05-29 20:00:00,31.04852011417238
2026-05-29 21:00:00,32.01871425893246
2026-05-29 22:00:00,15.582070695296348
2026-05-29 23:00:00,18.475825950355052
2026-05-30 00:00:00,7.178052499588338
2026-05-30 01:00:00,8.535481721117003
2026-05-30 02:00:00,15.07349264888355
2026-05-30 03:00:00,13.37474130736041
2026-05-30 04:00:00,16.603184316204633
2026-05-30 05:00:00,22.35774367293037
2026-05-30 06:00:00,20.490189088520044
2026-05-30 07:00:00,22.475447159481583
2026-05-30 08:00:00,25.270765923494366
2026-05-30 09:00:00,24.69121262682593
2026-05-30 10:00:00,43.1656102295018
2026-05-30 11:00:00,32.029408557728324
2026-05-30 12:00:00,36.08686041683874
2026-05-30 13:00:00,35.44272416016277
2026-05-30 14:00:00,36.60937718423706
2026-05-30 15:00:00,37.17290340032153
2026-05-30 16:00:00,36.138418627022475
2026-05-30 17:00:00,29.565282519388393
2026-05-30 18:00:00,30.106482170700314
2026-05-30 19:00:00,29.198034125415393
2026-05-30 20:00:00,22.280204521111763
2026-05-30 21:00:00,23.838087183408092
2026-05-30 22:00:00,14.170043423369926
2026-05-30 23:00:00,11.75397658222937
2026-05-31 00:00:00,9.651525074669651
2026-05-31 01:00:00,12.205008035605275
2026-05-31 02:00:00,9.73370517804825
2026-05-31 03:00:00,6.206070490378527
2026-05-31 04:00:00,16.09875180701667
2026-05-31 05:00:00,15.512286748523845
2026-05-31 06:00:00,19.88553327969256
2026-05-31 07:00:00,28.227741903857982
2026-05-31 08:00:00,34.45313498531304
2026-05-31 09:00:00,32.69172529127418
2026-05-31 10:00:00,36.226113760136364
2026-05-31 11:00:00,43.301101799156
2026-05-31 12:00:00,37.9848876291361
2026-05-31 13:00:00,47.00670981644003
2026-05-31 14:00:00,37.691788975526826
2026-05-31 15:00:00,26.91690351354107
2026-05-31 16:00:00,35.75989115800162
2026-05-31 17:00:00,33.47222581319526
2026-05-31 18:00:00,35.98398004217694
2026-05-31 19:00:00,30.81043972854203
2026-05-31 20:00:00,22.771145089910856
2026-05-31 21:00:00,12.56151193417066
2026-05-31 22:00:00,11.42005058767282
2026-05-31 23:00:00,5.4623836211929016
2026-06-01 00:00:00,10.72790620078111
2026-06-01 01:00:00,15.915426223346413
2026-06-01 02:00:00,21.739236960639047
2026-06-01 03:00:00,19.022084401493835
2026-06-01 04:00:00,15.766467751865367
2026-06-01 05:00:00,25.946124996571726
2026-06-01 06:00:00,32.83652595327419
2026-06-01 07:00:00,29.493154211560082
2026-06-01 08:00:00,35.01393403288683
2026-06-01 09:00:00,38.71539176324672
2026-06-01 10:00:00,37.90118845741155
2026-06-01 11:00:00,45.13536375599048
2026-06-01 12:00:00,42.58808231675069
2026-06-01 13:00:00,44.328107135346556
2026-06-01 14:00:00,37.92978168179225
2026-06-01 15:00:00,38.2601213488707
2026-06-01 16:00:00,41.686050104894576
2026-06-01 17:00:00,36.50625966529708
2026-06-01 18:00:00,43.78282443077958
2026-06-01 19:00:00,32.569169581003784
2026-06-01 20:00:00,30.273707928853497
2026-06-01 21:00:00,27.239068206820484
2026-06-01 22:00:00,12.632680685084795
2026-06-01 23:00:00,7.871230190106999
2026-06-02 00:00:00,6.997374741719621
2026-06-02 01:00:00,18.661449019372704
2026-06-02 02:00:00,12.902186359663636
2026-06-02 03:00:00,27.726195424874923
2026-06-02 04:00:00,18.34300960537655
2026-06-02 05:00:00,24.95591953647931
2026-06-02 06:00:00,34.26843981696309
2026-06-02 07:00:00,40.0066573814741
2026-06-02 08:00:00,43.84601700612409
2026-06-02 09:00:00,43.540103906702505
2026-06-02 10:00:00,45.18703181298636
2026-06-02 11:00:00,44.962349817419785
2026-06-02 12:00:00,46.23531921584838
2026-06-02 13:00:00,40.49523449440432
2026-06-02 14:00:00,38.25695485931143
2026-06-02 15:00:00,40.04645672052053
2026-06-02 16:00:00,38.16578618348378
2026-06-02 17:00:00,36.23468007635505
2026-06-02 18:00:00,39.71051881567282
2026-06-02 19:00:00,38.03893515774424
2026-06-02 20:00:00,29.778596571013342
2026-06-02 21:00:00,29.468825203549173
2026-06-02 22:00:00,13.789387160282903
2026-06-02 23:00:00,14.18982760091123
2026-06-03 00:00:00,10.282710717588781
2026-06-03 01:00:00,6.194966137371735
2026-06-03 02:00:00,14.828896199862626
2026-06-03 03:00:00,17.056408248668777
2026-06-03 04:00:00,26.703798972974624
2026-06-03 05:00:00,26.79096106191027
2026-06-03 06:00:00,24.053252709374764
2026-06-03 07:00:00,39.44865609417436
2026-06-03 08:00:00,40.53413748167991
2026-06-03 09:00:00,41.085029798204395
2026-06-03 10:00:00,40.23484531434118
2026-06-03 11:00:00,38.80448507372113
2026-06-03 12:00:00,41.68304780689761
2026-06-03 13:00:00,47.10497183853519
2026-06-03 14:00:00,49.11809561673909
2026-06-03 15:00:00,46.282928663253095
2026-06-03 16:00:00,36.9411269864384
2026-06-03 17:00:00,33.6191225405081
2026-06-03 18:00:00,37.538514013490776
2026-06-03 19:00:00,27.193956861210786
2026-06-03 20:00:00,30.767639882585076
2026-06-03 21:00:00,23.01829453413345
2026-06-03 22:00:00,16.54199760934395
2026-06-03 23:00:00,8.635653168962921
2026-06-04 00:00:00,15.254400426278865
2026-06-04 01:00:00,11.580309247016329
2026-06-04 02:00:00,10.52995160039227
2026-06-04 03:00:00,6.104349429075317
2026-06-04 04:00:00,20.589940379803558
2026-06-04 05:00:00,31.406720710370138
2026-06-04 06:00:00,34.84503686488306
2026-06-04 07:00:00,30.253900802492524
2026-06-04 08:00:00,33.29115445813138
2026-06-04 09:00:00,40.68173600863003
2026-06-04 10:00:00,37.197239952987346
2026-06-04 11:00:00,43.89940961989292
2026-06-04 12:00:00,46.28619602472059
2026-06-04 13:00:00,47.707710255255684
2026-06-04 14:00:00,41.229134087080844
2026-06-04 15:00:00,39.34525954945648
2026-06-04 16:00:00,35.43459432655725
2026-06-04 17:00:00,34.84007085750471
2026-06-04 18:00:00,36.119053458239854
2026-06-04 19:00:00,35.78717635072691
2026-06-04 20:00:00,33.17930753077895
2026-06-04 21:00:00,20.445989076606743
2026-06-04 22:00:00,24.426897892655006
2026-06-04 23:00:00,13.979971033859826
2026-06-05 00:00:00,13.164530822606256
2026-06-05 01:00:00,10.772265889072681
2026-06-05 02:00:00,5.562657902141657
2026-06-05 03:00:00,21.179579867646112
2026-06-05 04:00:00,23.697375588375838
2026-06-05 05:00:00,23.24240409521831
2026-06-05 06:00:00,28.517962875591074
2026-06-05 07:00:00,34.19604269965401
2026-06-05 08:00:00,29.499819272032333
2026-06-05 09:00:00,36.740428274944755
2026-06-05 10:00:00,44.41784042822782
2026-06-05 11:00:00,37.725084327938056
2026-06-05 12:00:00,44.446106639848345
2026-06-05 13:00:00,37.42365014122483
2026-06-05 14:00:00,43.54547032273476
2026-06-05 15:00:00,40.067388620974405
2026-06-05 16:00:00,32.53599740996145
2026-06-05 17:00:00,42.85654969149284
2026-06-05 18:00:00,34.13660271865376
2026-06-05 19:00:00,31.12670457540467
2026-06-05 20:00:00,30.377245814769722
2026-06-05 21:00:00,28.303254277042985
2026-06-05 22:00:00,14.442856340903333
2026-06-05 23:00:00,15.36118483742199
2026-06-06 00:00:00,9.015266001322292
2026-06-06 01:00:00,10.58353503471655
2026-06-06 02:00:00,10.015385164342325
2026-06-06 03:00:00,10.225286925868625
2026-06-06 04:00:00,11.489639117411226
2026-06-06 05:00:00,18.76228985587666
2026-06-06 06:00:00,18.011443958749158
2026-06-06 07:00:00,14.496883894859181
2026-06-06 08:00:00,31.546241916209173
2026-06-06 09:00:00,36.522378348674714
2026-06-06 10:00:00,25.839051967573155
2026-06-06 11:00:00,32.7533192017753
2026-06-06 12:00:00,39.798491955202614
2026-06-06 13:00:00,45.12995923856524
2026-06-06 14:00:00,35.81292522370228
2026-06-06 15:00:00,31.3479427852478
2026-06-06 16:00:00,32.31493890916413
2026-06-06 17:00:00,37.74709795025689
2026-06-06 18:00:00,28.54111230934782
2026-06-06 19:00:00,25.220946296861182
2026-06-06 20:00:00,21.69399493711782
2026-06-06 21:00:00,13.945390446293276
2026-06-06 22:00:00,13.046824880796104
2026-06-06 23:00:00,15.663179271908344
2026-06-07 00:00:00,8.642317092464117
2026-06-07 01:00:00,6.8516985971588245
2026-06-07 02:00:00,8.192373867571247
2026-06-07 03:00:00,5.490635047415284
2026-06-07 04:00:00,18.38243910859474
2026-06-07 05:00:00,18.156365535639953
2026-06-07 06:00:00,21.628080352329086
2026-06-07 07:00:00,39.00471610021705
2026-06-07 08:00:00,31.045014333041248
2026-06-07 09:00:00,29.9494747839492
2026-06-07 10:00:00,33.63535132491834
2026-06-07 11:00:00,41.436024857402074
2026-06-07 12:00:00,37.82495655333288
2026-06-07 13:00:00,31.196865446448985
2026-06-07 14:00:00,39.45666613130147
2026-06-07 15:00:00,31.637378208008364
2026-06-07 16:00:00,40.58971577845368
2026-06-07 17:00:00,36.61778453652275
2026-06-07 18:00:00,29.385681443210956
2026-06-07 19:00:00,33.591779770402646
2026-06-07 20:00:00,23.946391067955567
2026-06-07 21:00:00,21.219799579817003
2026-06-07 22:00:00,14.54507488599482
2026-06-07 23:00:00,5.829038818066607
2026-06-08 00:00:00,10.825800670730153
2026-06-08 01:00:00,18.03095587598862
2026-06-08 02:00:00,14.07051761480726
2026-06-08 03:00:00,16.178804429233928
2026-06-08 04:00:00,17.07950968260869
2026-06-08 05:00:00,26.212110586065002
2026-06-08 06:00:00,36.650099683664166
2026-06-08 07:00:00,28.012154171820516
2026-06-08 08:00:00,35.996880526269535
2026-06-08 09:00:00,44.65552120599165
2026-06-08 10:00:00,41.07221614475765
2026-06-08 11:00:00,44.70172920561399
2026-06-08 12:00:00,39.17230079859431
2026-06-08 13:00:00,44.71320574854904
2026-06-08 14:00:00,41.08117333298246
2026-06-08 15:00:00,44.30287453288379
2026-06-08 16:00:00,43.896068879842495
2026-06-08 17:00:00,48.705846841738605
2026-06-08 18:00:00,39.54350171870026
2026-06-08 19:00:00,35.82089958979086
2026-06-08 20:00:00,30.502506232155294
2026-06-08 21:00:00,22.44603970808537
2026-06-08 22:00:00,20.010078990663683
2026-06-08 23:00:00,14.082859797473985
2026-06-09 00:00:00,14.123843905078456
2026-06-09 01:00:00,19.231502748095814
2026-06-09 02:00:00,11.433448682114857
2026-06-09 03:00:00,22.402912526718097
2026-06-09 04:00:00,26.218460269365565
2026-06-09 05:00:00,24.095440215726846
2026-06-09 06:00:00,19.962580410657207
2026-06-09 07:00:00,29.900997880459883
2026-06-09 08:00:00,41.13798088582294
2026-06-09 09:00:00,193.3637126505054
2026-06-09 10:00:00,37.44357278056087
2026-06-09 11:00:00,40.92314233570219
2026-06-09 12:00:00,46.83435501720004
2026-06-09 13:00:00,45.23691163252397
2026-06-09 14:00:00,40.924021996321876
2026-06-09 15:00:00,38.94265690290559
2026-06-09 16:00:00,37.62949207740821
2026-06-09 17:00:00,34.70795153567014
2026-06-09 18:00:00,43.73647178372373
2026-06-09 19:00:00,33.27843244661684
2026-06-09 20:00:00,34.64360310914794
2026-06-09 21:00:00,29.99396908701793
2026-06-09 22:00:00,22.699387209408762
2026-06-09 23:00:00,13.587984187157907
2026-06-10 00:00:00,15.114920361346439
2026-06-10 01:00:00,13.91433018010031
2026-06-10 02:00:00,11.894811500312912
2026-06-10 03:00:00,19.190835409088326
2026-06-10 04:00:00,16.283840835366895
2026-06-10 05:00:00,29.368431877537414
2026-06-10 06:00:00,26.641530817498015
2026-06-10 07:00:00,33.18692445232897
2026-06-10 08:00:00,37.13315418576307
2026-06-10 09:00:00,38.07101908951363
2026-06-10 10:00:00,43.837556915641606
2026-06-10 11:00:00,41.09262739412495
2026-06-10 12:00:00,47.007064101010805
2026-06-10 13:00:00,37.716058638731454
2026-06-10 14:00:00,42.4352687111863
2026-06-10 15:00:00,48.215670546397476
2026-06-10 16:00:00,35.24519937516119
2026-06-10 17:00:00,35.73661239156474
2026-06-10 18:00:00,39.38060042448162
2026-06-10 19:00:00,35.33604145122059
2026-06-10 20:00:00,31.227489422940188
2026-06-10 21:00:00,25.91545339991878
2026-06-10 22:00:00,21.295029491064
2026-06-10 23:00:00,19.803264805854994
2026-06-11 00:00:00,15.18927462771405
2026-06-11 01:00:00,13.096081987189805
2026-06-11 02:00:00,18.24991374804435
2026-06-11 03:00:00,25.542926021782776
2026-06-11 04:00:00,20.51946501447581
2026-06-11 05:00:00,20.769597105008597
2026-06-11 06:00:00,32.97832268383948
2026-06-11 07:00:00,31.950761173023214
2026-06-11 08:00:00,27.359324515522353
2026-06-11 09:00:00,42.54632569293162
2026-06-11 10:00:00,39.39946896592482
2026-06-11 11:00:00,42.680108891398405
2026-06-11 12:00:00,44.89979623345788
2026-06-11 13:00:00,43.91197607883471
2026-06-11 14:00:00,44.817557661556805
2026-06-11 15:00:00,38.76800906788496
2026-06-11 16:00:00,41.34894786628782
2026-06-11 17:00:00,37.45940556332848
2026-06-11 18:00:00,40.33021094939597
2026-06-11 19:00:00,37.1291842595144
2026-06-11 20:00:00,26.13321421766757
2026-06-11 21:00:00,28.352633344028256
2026-06-11 22:00:00,16.662289836360728
2026-06-11 23:00:00,18.646696631154683
2026-06-12 00:00:00,15.069149253605362
2026-06-12 01:00:00,21.463847312844464
2026-06-12 02:00:00,14.715755013746014
2026-06-12 03:00:00,16.596131097729124
2026-06-12 04:00:00,21.022321576455173
2026-06-12 05:00:00,23.50499519235406
2026-06-12 06:00:00,31.79976761445979
2026-06-12 07:00:00,26.01704339509126
2026-06-12 08:00:00,31.885273022993086
2026-06-12 09:00:00,34.93542729801316
2026-06-12 10:00:00,45.39201207763482
2026-06-12 11:00:00,49.93469551094275
2026-06-12 12:00:00,43.20407803703194
2026-06-12 13:00:00,42.52469046695841
2026-06-12 14:00:00,42.30995904545338
2026-06-12 15:00:00,45.207467760597105
2026-06-12 16:00:00,35.6371121368212
2026-06-12 17:00:00,39.50106820460329
2026-06-12 18:00:00,41.32575954497568
2026-06-12 19:00:00,36.72209100322158
2026-06-12 20:00:00,30.683295492240926
2026-06-12 21:00:00,28.06288924959669
2026-06-12 22:00:00,8.043214444819974
2026-06-12 23:00:00,18.17596671615373
2026-06-13 00:00:00,5.0336972674903055
2026-06-13 01:00:00,5.0
2026-06-13 02:00:00,11.704429341333347
2026-06-13 03:00:00,17.538032462853742
2026-06-13 04:00:00,14.600205941495336
2026-06-13 05:00:00,732.4183091553383
2026-06-13 06:00:00,29.099113038646166
2026-06-13 07:00:00,31.7919436431738
2026-06-13 08:00:00,36.70986081706407
2026-06-13 09:00:00,36.2251489486175
2026-06-13 10:00:00,35.94251626534688
2026-06-13 11:00:00,30.73437877302638
2026-06-13 12:00:00,36.68762495866203
2026-06-13 13:00:00,33.876990978453684
2026-06-13 14:00:00,44.76352126299191
2026-06-13 15:00:00,33.90641130043499
2026-06-13 16:00:00,33.889343900721435
2026-06-13 17:00:00,34.80353377782602
2026-06-13 18:00:00,31.649378811335772
2026-06-13 19:00:00,35.54791848518521
2026-06-13 20:00:00,21.484371578908142
2026-06-13 21:00:00,18.887134700277095
2026-06-13 22:00:00,9.936261274024728
2026-06-13 23:00:00,5.0
2026-06-14 00:00:00,5.252923636378858
2026-06-14 01:00:00,8.062965417470325
2026-06-14 02:00:00,7.992410045164383
2026-06-14 03:00:00,9.32371436270649
2026-06-14 04:00:00,9.574730145318767
2026-06-14 05:00:00,18.485292033176382
2026-06-14 06:00:00,16.681118510567575
2026-06-14 07:00:00,29.622509683596018
2026-06-14 08:00:00,30.529761711316514
2026-06-14 09:00:00,27.476432986470215
2026-06-14 10:00:00,34.45394540154106
2026-06-14 11:00:00,34.183616398252724
2026-06-14 12:00:00,38.99857295285855
2026-06-14 13:00:00,42.66177914381103
2026-06-14 14:00:00,28.629060514417677
2026-06-14 15:00:00,35.120058866754015
2026-06-14 16:00:00,32.80599349131693
2026-06-14 17:00:00,35.33295257946602
2026-06-14 18:00:00,32.37775553879671
2026-06-14 19:00:00,25.809836996506917
2026-06-14 20:00:00,22.74875328317948
2026-06-14 21:00:00,14.974601452114168
2026-06-14 22:00:00,17.260172171211313
2026-06-14 23:00:00,9.64971203271787
2026-06-15 00:00:00,868.7960851022606
2026-06-15 01:00:00,14.018469350405491
2026-06-15 02:00:00,12.925991875591572
2026-06-15 03:00:00,12.088540711750607
2026-06-15 04:00:00,14.037441294982322
2026-06-15 05:00:00,18.531170551669202
2026-06-15 06:00:00,29.81850661073752
2026-06-15 07:00:00,34.667185921757344
2026-06-15 08:00:00,29.92523989144997
2026-06-15 09:00:00,42.9367922406344
2026-06-15 10:00:00,39.808537503006754
2026-06-15 11:00:00,43.82941406855725
2026-06-15 12:00:00,50.220757424203526
2026-06-15 13:00:00,46.937334623180575
2026-06-15 14:00:00,41.105627801377324
2026-06-15 15:00:00,37.145185648503194
2026-06-15 16:00:00,30.889263068266274
2026-06-15 17:00:00,35.82097899669447
2026-06-15 18:00:00,36.73044807053518
2026-06-15 19:00:00,30.918996214857458
2026-06-15 20:00:00,29.549941157476734
2026-06-15 21:00:00,24.516112411163196
2026-06-15 22:00:00,18.106719689584608
2026-06-15 23:00:00,13.014455114736263
2026-06-16 00:00:00,14.474618687866911
2026-06-16 01:00:00,16.07887520394161
2026-06-16 02:00:00,11.44802263346204
2026-06-16 03:00:00,23.83712780118699
2026-06-16 04:00:00,20.905647470869056
2026-06-16 05:00:00,24.993112815470553
2026-06-16 06:00:00,31.632857699717814
2026-06-16 07:00:00,33.615150353891615
2026-06-16 08:00:00,40.11254923523148
2026-06-16 09:00:00,40.55513564513723
2026-06-16 10:00:00,39.34103221117876
2026-06-16 11:00:00,44.738256121439456
2026-06-16 12:00:00,39.24697008189918
2026-06-16 13:00:00,43.83421618282454
2026-06-16 14:00:00,42.096830430422806
2026-06-16 15:00:00,39.92748712107418
2026-06-16 16:00:00,39.03237462782777
2026-06-16 17:00:00,31.22019609167359
2026-06-16 18:00:00,35.43006939488211
2026-06-16 19:00:00,35.28909392802665
2026-06-16 20:00:00,30.764394593835554
2026-06-16 21:00:00,20.14800431562429
2026-06-16 22:00:00,24.118974980275723
2026-06-16 23:00:00,12.1997660451721
2026-06-17 00:00:00,17.72782880210695
2026-06-17 01:00:00,16.069890053150715
2026-06-17 02:00:00,13.27470970385821
2026-06-17 03:00:00,25.34464185263996
2026-06-17 04:00:00,16.575452672980184
2026-06-17 05:00:00,28.64433101813117
2026-06-17 06:00:00,32.8523292788635
2026-06-17 07:00:00,30.04980499253103
2026-06-17 08:00:00,41.91986389983582
2026-06-17 09:00:00,38.45645292593412
2026-06-17 10:00:00,42.99555622685994
2026-06-17 11:00:00,44.383529375699936
2026-06-17 12:00:00,43.334639945299635
2026-06-17 13:00:00,46.69321045235758
2026-06-17 14:00:00,45.45370527520951
2026-06-17 15:00:00,33.815826657211616
2026-06-17 16:00:00,44.81388564509611
2026-06-17 17:00:00,32.147624321521455
2026-06-17 18:00:00,41.805153843212594
2026-06-17 19:00:00,39.47453487077253
2026-06-17 20:00:00,25.81110330498516
2026-06-17 21:00:00,22.665447727509786
2026-06-17 22:00:00,14.68332494287318
2026-06-17 23:00:00,14.85478131687516
2026-06-18 00:00:00,12.667862863257035
2026-06-18 01:00:00,17.529754734741335
2026-06-18 02:00:00,21.150853927711857
2026-06-18 03:00:00,23.876133525361737
2026-06-18 04:00:00,19.151327893692894
2026-06-18 05:00:00,24.180826828713048
2026-06-18 06:00:00,22.166247237807784
2026-06-18 07:00:00,29.558805562852854
2026-06-18 08:00:00,40.259409231968334
2026-06-18 09:00:00,45.96897027852286
2026-06-18 10:00:00,36.95338622222082
2026-06-18 11:00:00,41.02238498400347
2026-06-18 12:00:00,43.81625188334612
2026-06-18 13:00:00,44.620621994996874
2026-06-18 14:00:00,39.091336313314066
2026-06-18 15:00:00,42.556198728020696
2026-06-18 16:00:00,37.75116728529983
2026-06-18 17:00:00,38.789783190151034
2026-06-18 18:00:00,39.910106017860755
2026-06-18 19:00:00,35.04340340270595
2026-06-18 20:00:00,28.479425463739677
2026-06-18 21:00:00,23.9202656636248
2026-06-18 22:00:00,18.802691779995577
2026-06-18 23:00:00,14.284421318501591
2026-06-19 00:00:00,12.91481574933159
2026-06-19 01:00:00,20.85570128768284
2026-06-19 02:00:00,18.20329673499838
2026-06-19 03:00:00,17.16147701008527
2026-06-19 04:00:00,24.237817618049046
2026-06-19 05:00:00,23.73243636466712
2026-06-19 06:00:00,33.64249855703815
2026-06-19 07:00:00,34.31085459762999
2026-06-19 08:00:00,36.020794123561586
2026-06-19 09:00:00,41.34750668757105
2026-06-19 10:00:00,35.65727710146652
2026-06-19 11:00:00,38.93517214497584
2026-06-19 12:00:00,39.196174885585606
2026-06-19 13:00:00,44.12174973877328
2026-06-19 14:00:00,49.309810390941024
2026-06-19 15:00:00,49.83515513493487
2026-06-19 16:00:00,42.248729079346525
2026-06-19 17:00:00,40.900970173441976
2026-06-19 18:00:00,30.570738089235007
2026-06-19 19:00:00,32.89701912452611
2026-06-19 20:00:00,27.123834018212996
2026-06-19 21:00:00,21.92531448632366
2026-06-19 22:00:00,18.53356834247776
2026-06-19 23:00:00,13.926103127241593
2026-06-20 00:00:00,5.0
2026-06-20 01:00:00,11.50275363013411
2026-06-20 02:00:00,5.7186468402741975
2026-06-20 03:00:00,13.35038573864651
2026-06-20 04:00:00,23.796330679005997
2026-06-20 05:00:00,15.440175957345467
2026-06-20 06:00:00,12.878849915706267
2026-06-20 07:00:00,25.738268941317166
2026-06-20 08:00:00,34.903841239572785
2026-06-20 09:00:00,41.44002880121231
2026-06-20 10:00:00,31.072583331930844
2026-06-20 11:00:00,39.47903891356114
2026-06-20 12:00:00,36.160633084061615
2026-06-20 13:00:00,37.17618394250191
2026-06-20 14:00:00,47.00712378106879
2026-06-20 15:00:00,28.948073236583728
2026-06-20 16:00:00,34.76148331956179
2026-06-20 17:00:00,34.81836496072588
2026-06-20 18:00:00,36.16811432560335
2026-06-20 19:00:00,29.509646937345778
2026-06-20 20:00:00,25.557171183862362
2026-06-20 21:00:00,503.5306348486432
2026-06-20 22:00:00,14.33265138179735
2026-06-20 23:00:00,8.49169633604046
2026-06-21 00:00:00,10.536287559424204
2026-06-21 01:00:00,7.082671261489439
2026-06-21 02:00:00,11.56802051884217
2026-06-21 03:00:00,12.326347027461999
2026-06-21 04:00:00,20.054201003094775
2026-06-21 05:00:00,18.962139429337217
2026-06-21 06:00:00,15.957870133864061
2026-06-21 07:00:00,31.979971831693575
2026-06-21 08:00:00,26.927073496128028
2026-06-21 09:00:00,31.04157362973465
2026-06-21 10:00:00,33.65813653356654
2026-06-21 11:00:00,43.039994393298315
2026-06-21 12:00:00,29.52917805526704
2026-06-21 13:00:00,50.20097149435843
2026-06-21 14:00:00,40.703977629264855
2026-06-21 15:00:00,35.90291020668098
2026-06-21 16:00:00,33.576948671118345
2026-06-21 17:00:00,34.139808573094776
2026-06-21 18:00:00,33.95945873936331
2026-06-21 19:00:00,31.748576667262423
2026-06-21 20:00:00,26.59738688985975
2026-06-21 21:00:00,18.86702760434912
2026-06-21 22:00:00,12.516789935587617
2026-06-21 23:00:00,9.309372303416056
2026-06-22 00:00:00,13.320366878589278
2026-06-22 01:00:00,19.146192993132235
2026-06-22 02:00:00,18.483845832356874
2026-06-22 03:00:00,6.7318437435447915
2026-06-22 04:00:00,24.22360310612515
2026-06-22 05:00:00,25.996659102566262
2026-06-22 06:00:00,29.025164980908
2026-06-22 07:00:00,31.428212016482068
2026-06-22 08:00:00,41.09645357952256
2026-06-22 09:00:00,43.49674483282136
2026-06-22 10:00:00,38.999271038446075
2026-06-22 11:00:00,894.0190197344816
2026-06-22 12:00:00,40.23524797301668
2026-06-22 13:00:00,38.18150470056273
2026-06-22 14:00:00,40.02288149464079
2026-06-22 15:00:00,44.50952843969538
2026-06-22 16:00:00,43.65902485508784
2026-06-22 17:00:00,41.09993395405332
2026-06-22 18:00:00,40.82535217323795
2026-06-22 19:00:00,37.28242747192203
2026-06-22 20:00:00,27.859042644954144
2026-06-22 21:00:00,26.28639505802389
2026-06-22 22:00:00,22.55778171772765
2026-06-22 23:00:00,18.9816307572844
2026-06-23 00:00:00,18.905653485898572
2026-06-23 01:00:00,17.49432799446823
2026-06-23 02:00:00,17.565411773399756
2026-06-23 03:00:00,22.823999235467625
2026-06-23 04:00:00,21.54391496300986
2026-06-23 05:00:00,21.740215718780288
2026-06-23 06:00:00,28.49773215091653
2026-06-23 07:00:00,30.052675249611813
2026-06-23 08:00:00,33.949289599680974
2026-06-23 09:00:00,39.17856430146786
2026-06-23 10:00:00,38.97110202574066
2026-06-23 11:00:00,42.41039590205889
2026-06-23 12:00:00,36.59741624336668
2026-06-23 13:00:00,44.603152189210206
2026-06-23 14:00:00,42.58457229444955
2026-06-23 15:00:00,37.84160002589158
2026-06-23 16:00:00,42.53350734731311
2026-06-23 17:00:00,42.84787282417038
2026-06-23 18:00:00,466.06892822151
2026-06-23 19:00:00,32.216815209197335
2026-06-23 20:00:00,27.398399626696758
2026-06-23 21:00:00,20.849092474892664
2026-06-23 22:00:00,22.724042984543914
2026-06-23 23:00:00,15.239160882938886
2026-06-24 00:00:00,13.141940634757557
2026-06-24 01:00:00,6.69566314803696
2026-06-24 02:00:00,18.75129106407033
2026-06-24 03:00:00,13.636364702788024
2026-06-24 04:00:00,21.939730521071414
2026-06-24 05:00:00,26.427222075523925
2026-06-24 06:00:00,34.64263439004619
2026-06-24 07:00:00,27.847004232361165
2026-06-24 08:00:00,415.0443723469886
2026-06-24 09:00:00,40.542037163344716
2026-06-24 10:00:00,49.39282643578393
2026-06-24 11:00:00,48.64802743237281
2026-06-24 12:00:00,45.06051257228033
2026-06-24 13:00:00,41.83343261719026
2026-06-24 14:00:00,433.80262154720054
2026-06-24 15:00:00,37.26576975134647
2026-06-24 16:00:00,41.851955751008376
2026-06-24 17:00:00,41.16947291033066
2026-06-24 18:00:00,42.26580865584148
2026-06-24 19:00:00,46.35635447910651
2026-06-24 20:00:00,32.094632894561016
2026-06-24 21:00:00,22.62285037649813
2026-06-24 22:00:00,19.35384636804894
2026-06-24 23:00:00,8.988161818473628
2026-06-25 00:00:00,11.471147475643768
2026-06-25 01:00:00,13.123982853211558
2026-06-25 02:00:00,14.163265351495053
2026-06-25 03:00:00,19.252817770336804
2026-06-25 04:00:00,18.4603202704773
2026-06-25 05:00:00,29.851836992989046
2026-06-25 06:00:00,29.250828266364373
2026-06-25 07:00:00,33.095084544283154
2026-06-25 08:00:00,35.438423833526834
2026-06-25 09:00:00,40.47740171976585
2026-06-25 10:00:00,45.54117476841105
2026-06-25 11:00:00,40.27372115777145
2026-06-25 12:00:00,41.6394089548808
2026-06-25 13:00:00,42.635073244611796
2026-06-25 14:00:00,37.29626669910779
2026-06-25 15:00:00,37.93292311127835
2026-06-25 16:00:00,38.09164117940486
2026-06-25 17:00:00,42.69514899651506
2026-06-25 18:00:00,39.125214341853656
2026-06-25 19:00:00,36.14207396893237
2026-06-25 20:00:00,33.97856087451784
2026-06-25 21:00:00,24.15921772573054
2026-06-25 22:00:00,21.06800301653248
2026-06-25 23:00:00,15.701578426300117
2026-06-26 00:00:00,15.361449397598514
2026-06-26 01:00:00,12.480077975217647
2026-06-26 02:00:00,202.06665202313945
2026-06-26 03:00:00,18.156281633456697
2026-06-26 04:00:00,27.490992544405863
2026-06-26 05:00:00,29.12257593265753
2026-06-26 06:00:00,33.16158994505627
2026-06-26 07:00:00,38.12680871606248
2026-06-26 08:00:00,37.15463306342425
2026-06-26 09:00:00,40.69590181395231
2026-06-26 10:00:00,39.8201741280031
2026-06-26 11:00:00,42.52795059650685
2026-06-26 12:00:00,46.78495951026639
2026-06-26 13:00:00,48.71551510839372
2026-06-26 14:00:00,42.17196529027665
2026-06-26 15:00:00,39.45919749075869
2026-06-26 16:00:00,40.04863650900988
2026-06-26 17:00:00,41.65241926938061
2026-06-26 18:00:00,32.34954976131179
2026-06-26 19:00:00,26.23299051091324
2026-06-26 20:00:00,28.422821627879618
2026-06-26 21:00:00,19.87585517567149
2026-06-26 22:00:00,17.523582826227678
2026-06-26 23:00:00,15.573344162760216
2026-06-27 00:00:00,6.537006363907948
2026-06-27 01:00:00,14.670982743546958
2026-06-27 02:00:00,11.666598001642704
2026-06-27 03:00:00,13.945295720645227
2026-06-27 04:00:00,18.33882857617971
2026-06-27 05:00:00,14.912381852568085
2026-06-27 06:00:00,27.506447156372662
2026-06-27 07:00:00,26.929228682695772
2026-06-27 08:00:00,33.53192516854335
2026-06-27 09:00:00,29.669210052169312
2026-06-27 10:00:00,30.125746645676255
2026-06-27 11:00:00,41.11380065271517
2026-06-27 12:00:00,39.87751301557189
2026-06-27 13:00:00,34.34177114228841
2026-06-27 14:00:00,33.301098067901876
2026-06-27 15:00:00,39.81169368782342
2026-06-27 16:00:00,29.338877102114182
2026-06-27 17:00:00,39.86828408668801
2026-06-27 18:00:00,28.572486087254486
2026-06-27 19:00:00,32.02128202589573
2026-06-27 20:00:00,23.360495122850015
2026-06-27 21:00:00,21.2214546036575
2026-06-27 22:00:00,11.429687608360151
2026-06-27 23:00:00,9.563293813740927
2026-06-28 00:00:00,8.563676701582885
2026-06-28 01:00:00,5.0
2026-06-28 02:00:00,13.372916324913927
2026-06-28 03:00:00,10.740544016315573
2026-06-28 04:00:00,14.98560033864603
2026-06-28 05:00:00,15.54031682525711
2026-06-28 06:00:00,13.150665371510343
2026-06-28 07:00:00,26.518174778436933
2026-06-28 08:00:00,40.550464386030164
2026-06-28 09:00:00,37.145056135922026
2026-06-28 10:00:00,36.31374019080293
2026-06-28 11:00:00,36.84067870378198
2026-06-28 12:00:00,38.51173848243001
2026-06-28 13:00:00,40.18845382041929
2026-06-28 14:00:00,32.106499131765275
2026-06-28 15:00:00,39.81724132883983
2026-06-28 16:00:00,37.00804993534847
2026-06-28 17:00:00,36.22033517649589
2026-06-28 18:00:00,33.978871981084865
2026-06-28 19:00:00,29.596180954238154
2026-06-28 20:00:00,27.41641396971323
2026-06-28 21:00:00,21.225961414293636
2026-06-28 22:00:00,12.239980773052826
2026-06-28 23:00:00,7.9700583464424986
2026-06-29 00:00:00,14.857425181047946
2026-06-29 01:00:00,21.157193211644724
2026-06-29 02:00:00,11.50319064061782
2026-06-29 03:00:00,12.973297219192155
2026-06-29 04:00:00,22.60904336495217
2026-06-29 05:00:00,25.771265131115232
2026-06-29 06:00:00,30.143366664173218
2026-06-29 07:00:00,34.30809862047161
2026-06-29 08:00:00,36.05719368103929
2026-06-29 09:00:00,46.016092738738266
2026-06-29 10:00:00,36.037165795834454
2026-06-29 11:00:00,40.62825392149407
2026-06-29 12:00:00,44.05885587058564
2026-06-29 13:00:00,37.47722211510178
2026-06-29 14:00:00,42.17633277527237
2026-06-29 15:00:00,48.05583521307641
2026-06-29 16:00:00,40.28007062676734
2026-06-29 17:00:00,40.320395896538884
2026-06-29 18:00:00,890.7168938707679
2026-06-29 19:00:00,33.10226869130429
2026-06-29 20:00:00,29.274183504550205
2026-06-29 21:00:00,23.637844492303188
2026-06-29 22:00:00,24.832718796831994
2026-06-29 23:00:00,18.5452296809306
